configuration,strategy,L,attack_fraction,analytic_undetected,analytic_detection,empirical_undetected,empirical_detection,undetected_ci_low,undetected_ci_high,detection_ci_low,detection_ci_high,absolute_error,single_attacked_particle_pass_rate,mc_executed,zero_count_upper_95,p_value,holm_adjusted_p
random_replacement_L8_f0.1,random_replacement,8,0.1,0.6634204312890629,0.3365795687109371,0.6635773333333334,0.33642266666666665,0.6630424664347935,0.6641117813153498,0.33588821868465024,0.3369575335652065,0.00015690204427043497,0.5002453287571953,True,,0.5653872829186701,1.0
random_replacement_L8_f0.25,random_replacement,8,0.25,0.34360891580581665,0.6563910841941833,0.3438583333333333,0.6561416666666666,0.3433210365714789,0.34439602996919755,0.6556039700308025,0.6566789634285211,0.000249417527516671,0.5000781718520662,True,,0.36316943995669937,1.0
random_replacement_L8_f0.5,random_replacement,8,0.5,0.1001129150390625,0.8998870849609375,0.10017766666666666,0.8998223333333333,0.09983843484971824,0.10051792241632337,0.8994820775836766,0.9001615651502818,6.475162760416486e-05,0.5001085711527823,True,,0.7083092969313983,1.0
random_replacement_L8_f0.75,random_replacement,8,0.75,0.023283064365386963,0.976716935634613,0.023235,0.976765,0.0230651371960356,0.023406083784477383,0.9765939162155226,0.9769348628039644,4.806436538696418e-05,0.5001811388586991,True,,0.582732266073323,1.0
random_replacement_L8_f1,random_replacement,8,1.0,0.00390625,0.99609375,0.003902333333333333,0.9960976666666667,0.003832415181097558,0.003973521976447292,0.9960264780235527,0.9961675848189024,3.916666666666825e-06,0.5001879583333333,True,,0.9189049889920387,1.0
random_replacement_L16_f0.1,random_replacement,16,0.1,0.4401266686517662,0.5598733313482338,0.4398276666666667,0.5601723333333333,0.439266063290119,0.4403894241427108,0.5596105758572891,0.5607339367098809,0.0002990019850995229,0.49987726837502705,True,,0.2970910823391204,1.0
random_replacement_L16_f0.25,random_replacement,16,0.25,0.1180670870212488,0.8819329129787512,0.11796966666666667,0.8820303333333334,0.11760513765646394,0.11833517404481247,0.8816648259551876,0.882394862343536,9.742035458212839e-05,0.5000823266374335,True,,0.6019838183667241,1.0
random_replacement_L16_f0.5,random_replacement,16,0.5,0.010022595757618546,0.9899774042423815,0.009997666666666667,0.9900023333333333,0.009885714075552643,0.010110874138697533,0.9898891258613025,0.9901142859244474,2.492909095187963e-05,0.5001449596244627,True,,0.6679864596735374,1.0
random_replacement_L16_f0.75,random_replacement,16,0.75,0.0005421010862427522,0.9994578989137572,0.000566,0.999434,0.0005397182792074626,0.0005935607559178537,0.9994064392440821,0.9994602817207925,2.389891375724777e-05,0.500110360878127,True,,0.07613818512186896,1.0
random_replacement_L16_f1,random_replacement,16,1.0,1.52587890625e-05,0.9999847412109375,1.7666666666666668e-05,0.9999823333333333,1.350778469540438e-05,2.3105988028060273e-05,0.999976894011972,0.9999864922153046,2.407877604166668e-06,0.5000907083333334,True,,0.26779598405364263,1.0
random_replacement_L24_f0.1,random_replacement,24,0.1,0.2919890243387732,0.7080109756612267,0.2916883333333333,0.7083116666666667,0.2911742498044881,0.29220295034195515,0.7077970496580448,0.708825750195512,0.00030069100543989036,0.4997681218116749,True,,0.25232233521391867,1.0
random_replacement_L24_f0.25,random_replacement,24,0.25,0.040568903763722304,0.9594310962362776,0.040481333333333334,0.9595186666666666,0.04025890225144449,0.040704941228405525,0.9592950587715945,0.9597410977485555,8.757043038896961e-05,0.4998728036683222,True,,0.4432474047338638,1.0
random_replacement_L24_f0.5,random_replacement,24,0.5,0.0010033912775533338,0.9989966087224467,0.0010376666666666668,0.9989623333333333,0.001001867335690371,0.001074743824844441,0.9989252561751556,0.9989981326643096,3.427538911333298e-05,0.49999362522329427,True,,0.06159226171052522,1.0
random_replacement_L24_f0.75,random_replacement,24,0.75,1.2621774483536189e-05,0.9999873782255164,1.2e-05,0.999988,8.668385845782902e-06,1.6612068056507596e-05,0.9999833879319435,0.9999913316141542,6.217744835361884e-07,0.49995875829695285,True,,0.8706500316684291,1.0
random_replacement_L24_f1,random_replacement,24,1.0,5.960464477539063e-08,0.9999999403953552,,,,,,,,,False,9.985769259257538e-07,,
random_replacement_L32_f0.1,random_replacement,32,0.1,0.1937114844585016,0.8062885155414984,0.19355133333333333,0.8064486666666667,0.19310465751436612,0.19399879395791808,0.8060012060420819,0.8068953424856339,0.0001601511251682619,0.49983826987835084,True,,0.4831623282386607,1.0
random_replacement_L32_f0.25,random_replacement,32,0.25,0.013939837037683136,0.9860601629623169,0.013856666666666666,0.9861433333333334,0.013725010014068034,0.013989568317401738,0.9860104316825983,0.986274989985932,8.317037101646975e-05,0.5000162339103505,True,,0.22012595550455247,1.0
random_replacement_L32_f0.5,random_replacement,32,0.5,0.00010045242572063329,0.9998995475742793,0.00010066666666666667,0.9998993333333334,8.99358131546401e-05,0.00011267774700837533,0.9998873222529916,0.9999100641868454,2.1424094603338377e-07,0.4999757703598458,True,,0.9540581238938257,1.0
random_replacement_L32_f0.75,random_replacement,32,0.75,2.938735877055719e-07,0.9999997061264123,,,,,,,,,False,9.985769259257538e-07,,
random_replacement_L32_f1,random_replacement,32,1.0,2.3283064365386963e-10,0.9999999997671694,,,,,,,,,False,9.985769259257538e-07,,
random_replacement_L64_f0.1,random_replacement,64,0.1,0.0375241392111163,0.9624758607888837,0.037415666666666667,0.9625843333333334,0.03720150810698583,0.03763100989060897,0.962368990109391,0.9627984918930141,0.0001084725444496365,0.4997608269745292,True,,0.32346960429682714,1.0
random_replacement_L64_f0.25,random_replacement,64,0.25,0.00019431905663716255,0.9998056809433629,0.00020633333333333333,0.9997936666666667,0.00019070795807706061,0.0002232386648102022,0.9997767613351898,0.9998092920419229,1.2014276696170774e-05,0.49995459702894124,True,,0.13587698410567867,1.0
random_replacement_L64_f0.5,random_replacement,64,0.5,1.0090689833159348e-08,0.9999999899093102,,,,,,,,,False,9.985769259257538e-07,,
random_replacement_L64_f0.75,random_replacement,64,0.75,8.636168555094445e-14,0.9999999999999136,,,,,,,,,False,9.985769259257538e-07,,
random_replacement_L64_f1,random_replacement,64,1.0,5.421010862427522e-20,1.0,,,,,,,,,False,9.985769259257538e-07,,
random_basis_imr_L8_f0.1,random_basis_imr,8,0.1,0.8166518036622625,0.18334819633773747,0.8168046666666666,0.18319533333333338,0.8163665336556784,0.8172419883506398,0.18275801164936023,0.18363346634432165,0.00015286300440409128,0.7502851140081156,True,,0.4943808545933827,1.0
random_basis_imr_L8_f0.25,random_basis_imr,8,0.25,0.5967194738332182,0.4032805261667818,0.5969213333333333,0.4030786666666667,0.5963661483043262,0.5974762701497843,0.4025237298502157,0.4036338516956738,0.0002018595001150869,0.7502083873319159,True,,0.4764383613754819,1.0
random_basis_imr_L8_f0.5,random_basis_imr,8,0.5,0.34360891580581665,0.6563910841941833,0.34391333333333335,0.6560866666666667,0.34337601604627505,0.3444510503535482,0.6555489496464517,0.6566239839537249,0.00030441752751669826,0.7499425529015473,True,,0.267028076333299,1.0
random_basis_imr_L8_f0.75,random_basis_imr,8,0.75,0.18992710881866515,0.8100728911813349,0.190227,0.809773,0.18978327179882953,0.19067152152030353,0.8093284784796965,0.8102167282011705,0.00029989118133486037,0.7500782527214558,True,,0.18550602462245563,1.0
random_basis_imr_L8_f1,random_basis_imr,8,1.0,0.1001129150390625,0.8998870849609375,0.10028933333333333,0.8997106666666667,0.09994993316613211,0.10062975714726792,0.899370242852732,0.9000500668338679,0.00017641829427082756,0.7501683333333333,True,,0.30843465982328455,1.0
random_basis_imr_L16_f0.1,random_basis_imr,16,0.1,0.6669201684248266,0.3330798315751734,0.6663093333333333,0.3336906666666667,0.6657755432570868,0.6668426974964882,0.33315730250351183,0.33422445674291323,0.0006108350914932892,0.7496655282195851,True,,0.024822112964784072,1.0
random_basis_imr_L16_f0.25,random_basis_imr,16,0.25,0.3560741304517928,0.6439258695482072,0.355368,0.644632,0.3548265806539631,0.3559097897441441,0.6440902102558559,0.6451734193460369,0.0007061304517927969,0.7497875971747612,True,,0.01063875091806864,0.9362100807900404
random_basis_imr_L16_f0.5,random_basis_imr,16,0.5,0.1180670870212488,0.8819329129787512,0.11785266666666666,0.8821473333333334,0.11748829466289369,0.11821801733801611,0.8817819826619839,0.8825117053371063,0.00021442035458213438,0.7498518237265716,True,,0.2499582037296207,1.0
random_basis_imr_L16_f0.75,random_basis_imr,16,0.75,0.036072306664217076,0.9639276933357829,0.03607433333333333,0.9639256666666667,0.035863914079902796,0.03628594068613878,0.9637140593138612,0.9641360859200973,2.026669116257651e-06,0.7499217354095399,True,,0.9839433795298,1.0
random_basis_imr_L16_f1,random_basis_imr,16,1.0,0.010022595757618546,0.9899774042423815,0.010139333333333334,0.9898606666666667,0.010026593876025636,0.010253327308753892,0.989746672691246,0.9899734061239743,0.00011673757571478705,0.7499128958333333,True,,0.042494931917952075,1.0
random_basis_imr_L24_f0.1,random_basis_imr,24,0.1,0.5446415584428747,0.45535844155712535,0.544849,0.455151,0.5442854307677778,0.5454124543753116,0.4545875456246884,0.4557145692322222,0.00020744155712537626,0.7501611560687862,True,,0.4708457857906601,1.0
random_basis_imr_L24_f0.25,random_basis_imr,24,0.25,0.2124763677688145,0.7875236322311855,0.21208633333333332,0.7879136666666666,0.2116241261239166,0.21254927788080222,0.7874507221191978,0.7883758738760834,0.0003900344354811902,0.7499067009028153,True,,0.09866792939628063,1.0
random_basis_imr_L24_f0.5,random_basis_imr,24,0.5,0.040568903763722304,0.9594310962362776,0.040417666666666664,0.9595823333333333,0.040195403716880476,0.04064110659268458,0.9593588934073154,0.9598045962831195,0.0001512370970556398,0.7499666049152731,True,,0.18446609932631153,1.0
random_basis_imr_L24_f0.75,random_basis_imr,24,0.75,0.006851108913155016,0.993148891086845,0.006827,0.993173,0.006734451102017706,0.006920811898879024,0.993079188101121,0.9932655488979822,2.4108913155016128e-05,0.7499531265997718,True,,0.6167592887151713,1.0
random_basis_imr_L24_f1,random_basis_imr,24,1.0,0.0010033912775533338,0.9989966087224467,0.0009926666666666667,0.9990073333333334,0.0009576651984356671,0.0010289460773427613,0.9989710539226573,0.9990423348015643,1.072461088666714e-05,0.7499779583333334,True,,0.5656741653775046,1.0
random_basis_imr_L32_f0.1,random_basis_imr,32,0.1,0.4447825110517991,0.5552174889482009,0.44475966666666666,0.5552403333333333,0.44419740851886164,0.4453220662832678,0.5546779337167322,0.5558025914811384,2.2844385132447798e-05,0.7500072913962774,True,,0.9370303423997064,1.0
random_basis_imr_L32_f0.25,random_basis_imr,32,0.25,0.12678878637700036,0.8732112136229997,0.126532,0.873468,0.12615628477638455,0.126908671663686,0.873091328336314,0.8738437152236155,0.00025678637700035645,0.7499375318150101,True,,0.18152554663373982,1.0
random_basis_imr_L32_f0.5,random_basis_imr,32,0.5,0.013939837037683136,0.9860601629623169,0.013953333333333333,0.9860466666666666,0.013821222473649685,0.014086688943593056,0.9859133110564069,0.9861787775263503,1.3496295650197027e-05,0.7499551751764106,True,,0.8419177137774648,1.0
random_basis_imr_L32_f0.75,random_basis_imr,32,0.75,0.0013012113080773193,0.9986987886919226,0.0012876666666666666,0.9987123333333333,0.0012477205089584096,0.0013288900113340848,0.9986711099886659,0.9987522794910416,1.3544641410652772e-05,0.7499342343646681,True,,0.5217574702742862,1.0
random_basis_imr_L32_f1,random_basis_imr,32,1.0,0.00010045242572063329,0.9998995475742793,9.633333333333333e-05,0.9999036666666666,8.584909962742894e-05,0.00010809780496645332,0.9998919021950335,0.9999141509003726,4.119092387299951e-06,0.7499245625,True,,0.5075352041855512,1.0
random_basis_imr_L64_f0.1,random_basis_imr,64,0.1,0.1978314821375438,0.8021685178624562,0.19770266666666667,0.8022973333333333,0.19725238101974812,0.1981537264877657,0.8018462735122343,0.8027476189802518,0.00012881547087714718,0.7499143533029778,True,,0.5758679500173713,1.0
random_basis_imr_L64_f0.25,random_basis_imr,64,0.25,0.01607539635095263,0.9839246036490473,0.016074333333333333,0.9839256666666667,0.015932641841274194,0.016217264144152727,0.9837827358558473,0.9840673581587258,1.063017619297446e-06,0.7500064426282032,True,,0.9908431002714329,1.0
random_basis_imr_L64_f0.5,random_basis_imr,64,0.5,0.00019431905663716255,0.9998056809433629,0.00018133333333333334,0.9998186666666666,0.0001667233580361887,0.00019722332887530582,0.9998027766711247,0.9998332766419639,1.298572330382921e-05,0.7499650764001077,True,,0.11070642197361932,1.0
random_basis_imr_L64_f0.75,random_basis_imr,64,0.75,1.6931508682682886e-06,0.9999983068491317,,,,,,,,,False,9.985769259257538e-07,,
random_basis_imr_L64_f1,random_basis_imr,64,1.0,1.0090689833159348e-08,0.9999999899093102,,,,,,,,,False,9.985769259257538e-07,,
fixed_z_imr_L8_f0.1,fixed_z_imr,8,0.1,0.8166518036622625,0.18334819633773747,0.816739,0.183261,0.8163008062271743,0.817176382613981,0.18282361738601904,0.18369919377282573,8.719633773746072e-05,0.7500062516879558,True,,0.6969622663208819,1.0
fixed_z_imr_L8_f0.25,fixed_z_imr,8,0.25,0.5967194738332182,0.4032805261667818,0.596638,0.403362,0.5960827520794743,0.5971930004335777,0.4028069995664223,0.40391724792052575,8.147383321821522e-05,0.7500329936432247,True,,0.7735309651885092,1.0
fixed_z_imr_L8_f0.5,fixed_z_imr,8,0.5,0.34360891580581665,0.6563910841941833,0.34342133333333336,0.6565786666666666,0.342884199937406,0.3439588677224142,0.6560411322775859,0.6571158000625941,0.00018758247248329418,0.7499867706271756,True,,0.4940823684537233,1.0
fixed_z_imr_L8_f0.75,fixed_z_imr,8,0.75,0.18992710881866515,0.8100728911813349,0.19018733333333335,0.8098126666666666,0.18974364061393242,0.19063181947345245,0.8093681805265476,0.8102563593860675,0.0002602245146682003,0.7499863309853003,True,,0.25062498050157817,1.0
fixed_z_imr_L8_f1,fixed_z_imr,8,1.0,0.1001129150390625,0.8998870849609375,0.10011933333333334,0.8998806666666667,0.09978018951236318,0.10045950123640167,0.8995404987635983,0.9002198104876368,6.418294270837954e-06,0.74992425,True,,0.9700792046695536,1.0
fixed_z_imr_L16_f0.1,fixed_z_imr,16,0.1,0.6669201684248266,0.3330798315751734,0.6675483333333333,0.3324516666666667,0.6670150382416378,0.6680811993388964,0.3319188006611036,0.33298496175836223,0.0006281649085067009,0.7505478911526381,True,,0.020972949507907405,1.0
fixed_z_imr_L16_f0.25,fixed_z_imr,16,0.25,0.3560741304517928,0.6439258695482072,0.3565176666666667,0.6434823333333333,0.3559758544299356,0.35705984635724397,0.642940153642756,0.6440241455700644,0.0004435362148738631,0.7501798378463821,True,,0.10866381036780727,1.0
fixed_z_imr_L16_f0.5,fixed_z_imr,16,0.5,0.1180670870212488,0.8819329129787512,0.118379,0.881621,0.11801392259790741,0.11874505472174557,0.8812549452782544,0.8819860774020926,0.0003119129787512026,0.750101512899503,True,,0.09417181888082475,1.0
fixed_z_imr_L16_f0.75,fixed_z_imr,16,0.75,0.036072306664217076,0.9639276933357829,0.036096666666666666,0.9639033333333333,0.035886184522263026,0.03630833685325023,0.9636916631467498,0.964113815477737,2.436000244959019e-05,0.7501247986145777,True,,0.8199795840035644,1.0
fixed_z_imr_L16_f1,fixed_z_imr,16,1.0,0.010022595757618546,0.9899774042423815,0.010131,0.989869,0.01001830667148462,0.01024494786796965,0.9897550521320303,0.9899816933285154,0.0001084042423814529,0.750119625,True,,0.05960022436178444,1.0
fixed_z_imr_L24_f0.1,fixed_z_imr,24,0.1,0.5446415584428747,0.45535844155712535,0.544675,0.455325,0.5441114132926426,0.5452384722960555,0.4547615277039445,0.45588858670735743,3.344155712536878e-05,0.7499964577459095,True,,0.9077056019562487,1.0
fixed_z_imr_L24_f0.25,fixed_z_imr,24,0.25,0.2124763677688145,0.7875236322311855,0.212245,0.787755,0.21178266618371108,0.2127080707480006,0.7872919292519994,0.7882173338162889,0.00023136776881452215,0.7500485554044943,True,,0.32767347848739475,1.0
fixed_z_imr_L24_f0.5,fixed_z_imr,24,0.5,0.040568903763722304,0.9594310962362776,0.04060933333333333,0.9593906666666667,0.04038656467965023,0.04083327847239571,0.9591667215276043,0.9596134353203498,4.042956961102656e-05,0.74998165995402,True,,0.7221705076551286,1.0
fixed_z_imr_L24_f0.75,fixed_z_imr,24,0.75,0.006851108913155016,0.993148891086845,0.006898,0.993102,0.006804971102329546,0.006992291716738366,0.9930077082832617,0.9931950288976704,4.6891086844983755e-05,0.7500306766133092,True,,0.3236948605790633,1.0
fixed_z_imr_L24_f1,fixed_z_imr,24,1.0,0.0010033912775533338,0.9989966087224467,0.000997,0.999003,0.0009619209219997254,0.0010333570093478365,0.9989666429906522,0.9990380790780002,6.391277553333737e-06,0.7500345277777778,True,,0.7358421523960781,1.0
fixed_z_imr_L32_f0.1,fixed_z_imr,32,0.1,0.4447825110517991,0.5552174889482009,0.44467266666666666,0.5553273333333333,0.4441104195825568,0.44523505544237696,0.554764944557623,0.5558895804174432,0.00010984438513245154,0.7500947113080616,True,,0.702287461627277,1.0
fixed_z_imr_L32_f0.25,fixed_z_imr,32,0.25,0.12678878637700036,0.8732112136229997,0.12695066666666666,0.8730493333333333,0.12657441936913524,0.12732786933207615,0.8726721306679238,0.8734255806308647,0.00016188028966629409,0.7501123129341387,True,,0.3995529842183488,1.0
fixed_z_imr_L32_f0.5,fixed_z_imr,32,0.5,0.013939837037683136,0.9860601629623169,0.013943333333333334,0.9860566666666667,0.013811269384344443,0.014076642058507994,0.985923357941492,0.9861887306156556,3.496295650197434e-06,0.7501107754485564,True,,0.9587621984242625,1.0
fixed_z_imr_L32_f0.75,fixed_z_imr,32,0.75,0.0013012113080773193,0.9986987886919226,0.0013173333333333333,0.9986826666666667,0.0012769230065836315,0.0013590207710667747,0.9986409792289332,0.9987230769934163,1.6122025256014e-05,0.7500842192611641,True,,0.4372896656662494,1.0
fixed_z_imr_L32_f1,fixed_z_imr,32,1.0,0.00010045242572063329,0.9998995475742793,9.466666666666667e-05,0.9999053333333333,8.427875568193129e-05,0.00010633481984689975,0.9998936651801531,0.999915721244318,5.785759053966613e-06,0.750069,True,,0.32744815861902654,1.0
fixed_z_imr_L64_f0.1,fixed_z_imr,64,0.1,0.1978314821375438,0.8021685178624562,0.197687,0.802313,0.1972367278299235,0.19813804638437885,0.8018619536156212,0.8027632721700765,0.000144482137543811,0.7500269974156418,True,,0.530300284386223,1.0
fixed_z_imr_L64_f0.25,fixed_z_imr,64,0.25,0.01607539635095263,0.9839246036490473,0.016158333333333334,0.9838416666666666,0.016016276477041805,0.016301629293263696,0.9836983707067363,0.9839837235229582,8.29369823807033e-05,0.7500265471443429,True,,0.2530049175485215,1.0
fixed_z_imr_L64_f0.5,fixed_z_imr,64,0.5,0.00019431905663716255,0.9998056809433629,0.000198,0.999802,0.00018270589504973888,0.00021457408251226778,0.9997854259174878,0.9998172941049502,3.680943362837437e-06,0.7499600217378415,True,,0.6338495840078522,1.0
fixed_z_imr_L64_f0.75,fixed_z_imr,64,0.75,1.6931508682682886e-06,0.9999983068491317,,,,,,,,,False,9.985769259257538e-07,,
fixed_z_imr_L64_f1,fixed_z_imr,64,1.0,1.0090689833159348e-08,0.9999999899093102,,,,,,,,,False,9.985769259257538e-07,,
biased_basis_imr_L8_f0.1,biased_basis_imr,8,0.1,0.8166518036622625,0.18334819633773747,0.8166963333333334,0.18330366666666664,0.8162581000920262,0.8171337555250637,0.18286624447493627,0.18374189990797385,4.4529671070825394e-05,0.7501129193014504,True,,0.8426990338977249,1.0
biased_basis_imr_L8_f0.25,biased_basis_imr,8,0.25,0.5967194738332182,0.4032805261667818,0.5966286666666667,0.4033713333333333,0.5960734166776933,0.5971836691925945,0.40281633080740553,0.4039265833223067,9.080716655152088e-05,0.7499880444025059,True,,0.7484276125612539,1.0
biased_basis_imr_L8_f0.5,biased_basis_imr,8,0.5,0.34360891580581665,0.6563910841941833,0.3436823333333333,0.6563176666666667,0.34314510230579653,0.34421996468561056,0.6557800353143894,0.6568548976942035,7.341752751666153e-05,0.750089699198965,True,,0.7891199123661427,1.0
biased_basis_imr_L8_f0.75,biased_basis_imr,8,0.75,0.18992710881866515,0.8100728911813349,0.19015533333333334,0.8098446666666667,0.18971166924324767,0.1905997909260882,0.8094002090739119,0.8102883307567523,0.00022822451466819604,0.750029114197216,True,,0.3136808849799101,1.0
biased_basis_imr_L8_f1,biased_basis_imr,8,1.0,0.1001129150390625,0.8998870849609375,0.100127,0.899873,0.09978784461181296,0.1004671794506511,0.8995328205493489,0.900212155388187,1.4084960937493785e-05,0.7499879166666666,True,,0.9348452992127982,1.0
biased_basis_imr_L16_f0.1,biased_basis_imr,16,0.1,0.6669201684248266,0.3330798315751734,0.6673563333333333,0.33264366666666667,0.6668229612653288,0.6678892768069115,0.33211072319308854,0.3331770387346712,0.00043616490850673095,0.7503924744917627,True,,0.109095632164974,1.0
biased_basis_imr_L16_f0.25,biased_basis_imr,16,0.25,0.3560741304517928,0.6439258695482072,0.35641266666666666,0.6435873333333333,0.3558708901716532,0.35695481088442815,0.6430451891155718,0.6441291098283468,0.00033853621487384133,0.7501698721023294,True,,0.22079306612889976,1.0
biased_basis_imr_L16_f0.5,biased_basis_imr,16,0.5,0.1180670870212488,0.8819329129787512,0.118415,0.881585,0.11804987443535248,0.11878110279210563,0.8812188972078944,0.8819501255646476,0.00034791297875121086,0.750207400952865,True,,0.0618983622551163,1.0
biased_basis_imr_L16_f0.75,biased_basis_imr,16,0.75,0.036072306664217076,0.9639276933357829,0.03618433333333333,0.9638156666666666,0.03597360452837928,0.03639624995595568,0.9636037500440443,0.9640263954716207,0.00011202666911625664,0.7501431245695535,True,,0.29818809789270784,1.0
biased_basis_imr_L16_f1,biased_basis_imr,16,1.0,0.010022595757618546,0.9899774042423815,0.010146666666666667,0.9898533333333334,0.010033886632183943,0.010260701200481812,0.9897392987995182,0.989966113367816,0.0001240709090481202,0.7501459375,True,,0.031297837057562096,1.0
biased_basis_imr_L24_f0.1,biased_basis_imr,24,0.1,0.5446415584428747,0.45535844155712535,0.5445143333333333,0.4554856666666667,0.5439507305515124,0.5450778221153146,0.45492217788468536,0.45604926944848756,0.00012722510954132904,0.7498044467415405,True,,0.6582832881605285,1.0
biased_basis_imr_L24_f0.25,biased_basis_imr,24,0.25,0.2124763677688145,0.7875236322311855,0.21270766666666666,0.7872923333333334,0.21224496426344955,0.21317110481672039,0.7868288951832796,0.7877550357365505,0.00023129889785214464,0.750031477474042,True,,0.32732492028451515,1.0
biased_basis_imr_L24_f0.5,biased_basis_imr,24,0.5,0.040568903763722304,0.9594310962362776,0.040579,0.959421,0.04035631128920622,0.04080286527385579,0.9591971347261442,0.9596436887107938,1.009623627769296e-05,0.7500437237485655,True,,0.9288787240832894,1.0
biased_basis_imr_L24_f0.75,biased_basis_imr,24,0.75,0.006851108913155016,0.993148891086845,0.006813666666666667,0.9931863333333333,0.006721208193138306,0.006907388175238015,0.9930926118247619,0.9932787918068617,3.744224648834921e-05,0.7500526057420785,True,,0.4351436138715902,1.0
biased_basis_imr_L24_f1,biased_basis_imr,24,1.0,0.0010033912775533338,0.9989966087224467,0.0009866666666666667,0.9990133333333333,0.0009517729390400789,0.0010228383521041654,0.9989771616478959,0.99904822706096,1.672461088666707e-05,0.7499904166666667,True,,0.3666906789491674,1.0
biased_basis_imr_L32_f0.1,biased_basis_imr,32,0.1,0.4447825110517991,0.5552174889482009,0.44480966666666666,0.5551903333333333,0.4442474021683116,0.4453720725057694,0.5546279274942306,0.5557525978316884,2.7155614867546696e-05,0.7499487213249597,True,,0.924563249048499,1.0
biased_basis_imr_L32_f0.25,biased_basis_imr,32,0.25,0.12678878637700036,0.8732112136229997,0.12673733333333334,0.8732626666666666,0.12636135698799036,0.12711426559289454,0.8728857344071055,0.8736386430120097,5.14530436670213e-05,0.7500545607882582,True,,0.7899720175481004,1.0
biased_basis_imr_L32_f0.5,biased_basis_imr,32,0.5,0.013939837037683136,0.9860601629623169,0.013837666666666667,0.9861623333333334,0.01370609948331979,0.013970478896808396,0.9860295211031916,0.9862939005166802,0.00010217037101646967,0.7500128787034032,True,,0.1318390406304526,1.0
biased_basis_imr_L32_f0.75,biased_basis_imr,32,0.75,0.0013012113080773193,0.9986987886919226,0.0012923333333333333,0.9987076666666667,0.001252313807264871,0.0013336300344097668,0.9986663699655902,0.9987476861927351,8.877974743986064e-06,0.749998888904506,True,,0.6771074874654956,1.0
biased_basis_imr_L32_f1,biased_basis_imr,32,1.0,0.00010045242572063329,0.9998995475742793,0.00010366666666666666,0.9998963333333334,9.276816484618651e-05,0.0001158453876339211,0.9998841546123661,0.9999072318351538,3.2142409460333754e-06,0.7500120208333333,True,,0.5645591174239966,1.0
biased_basis_imr_L64_f0.1,biased_basis_imr,64,0.1,0.1978314821375438,0.8021685178624562,0.19741133333333333,0.8025886666666666,0.19696129847825816,0.19786214310868466,0.8021378568913153,0.8030387015217418,0.00042014880421048506,0.7500209367497664,True,,0.06783208258068962,1.0
biased_basis_imr_L64_f0.25,biased_basis_imr,64,0.25,0.01607539635095263,0.9839246036490473,0.016058,0.983942,0.015916379667281957,0.01620085969330746,0.9837991403066926,0.984083620332718,1.7396350952630923e-05,0.7500168379407627,True,,0.8131063688022181,1.0
biased_basis_imr_L64_f0.5,biased_basis_imr,64,0.5,0.00019431905663716255,0.9998056809433629,0.00019233333333333334,0.9998076666666667,0.00017726848600851345,0.00020867817273231913,0.9997913218272677,0.9998227315139915,1.9857233038292137e-06,0.7499848573255915,True,,0.8359035345161958,1.0
biased_basis_imr_L64_f0.75,biased_basis_imr,64,0.75,1.6931508682682886e-06,0.9999983068491317,,,,,,,,,False,9.985769259257538e-07,,
biased_basis_imr_L64_f1,biased_basis_imr,64,1.0,1.0090689833159348e-08,0.9999999899093102,,,,,,,,,False,9.985769259257538e-07,,
