experiment,configuration,seed,metric,value,ci_low,ci_high,unit,status,raw_file_sha256,notes,source_summary_file
E1,chosen_message_pair,,chosen_message_success,1.0,,,probability,complete,e05142edb19474d4135f67119aaccf38d5623950b7632871a8d1e16be0ae6580,Analytic deterministic conclusion; script is a witness only.,e1_summary_v6.csv
E1,chosen_message_pair,,privacy_advantage,0.5,,,probability,complete,e05142edb19474d4135f67119aaccf38d5623950b7632871a8d1e16be0ae6580,Analytic deterministic conclusion.,e1_summary_v6.csv
E1,cross_session_repeated_message,,equality_identification_success,1.0,,,probability,complete,e05142edb19474d4135f67119aaccf38d5623950b7632871a8d1e16be0ae6580,,e1_summary_v6.csv
E1,abort_terminal_pass_decoy_t3,,pmax_terminal_unfair_output,1.0,,,probability,complete,09c3bc185bef293de3f359b021046ca5f588275c3f932ba7b0f029808fe6cda9,Target requires terminal=true and aborted_by_alice=true.,e1_summary_v6.csv
E1,abort_timeout_pass_decoy_t3,,shortest_counterexample_length,6,,,transitions,complete,09c3bc185bef293de3f359b021046ca5f588275c3f932ba7b0f029808fe6cda9,send_cb -> alice_recovers_b -> alice_abort -> bob_waiting_for_ca -> timeout -> bob_abort,e1_summary_v6.csv
E1,abort_terminal_pass_decoy_t3,,reachable_states,9,,,states,complete,09c3bc185bef293de3f359b021046ca5f588275c3f932ba7b0f029808fe6cda9,,e1_summary_v6.csv
E1,abort_terminal_pass_decoy_t3,,transitions,11,,,transitions,complete,09c3bc185bef293de3f359b021046ca5f588275c3f932ba7b0f029808fe6cda9,,e1_summary_v6.csv
E1,abort_no_timeout,,pmax_nonterminal_waiting_knowledge_asymmetry,1.0,,,probability,complete,f663cf17fe8692f590133d50cdf9a20b29c79e5882ba49907ebbb7b67f1f32a1,"Nonterminal liveness failure, not terminal fairness output.",e1_summary_v6.csv
E1,abort_no_timeout,,pmax_terminal_bob_abort,0.0,,,probability,complete,f663cf17fe8692f590133d50cdf9a20b29c79e5882ba49907ebbb7b67f1f32a1,No timeout means Bob abort output is not fabricated.,e1_summary_v6.csv
E2,random_basis_imr_L16_f1,,detection_probability,0.9898606666666667,0.989746672691246,0.9899734061239743,probability,complete,37563f83a07e62f1f304cb143c10157f99edb98f5a5d4e84aa00fb9c91244a24,Event-level BB84 particle simulation; analytic formula is a separate reference.,e2_summary_v6.csv
E2,random_replacement_L16_f1,,detection_probability,0.9999823333333333,0.999976894011972,0.9999864922153046,probability,complete,37563f83a07e62f1f304cb143c10157f99edb98f5a5d4e84aa00fb9c91244a24,,e2_summary_v6.csv
E2,all_observable_configurations,,maximum_absolute_error,0.0007061304517927969,,,probability,complete,e28a96ca8af27485d3fb481ef10c312d2ce62657bceff7fa5ca6b6e5f86c9ff4,,e2_summary_v6.csv
E2,single_particle_random_basis_f1,,pass_probability,0.7505533333333333,,,probability,complete,37563f83a07e62f1f304cb143c10157f99edb98f5a5d4e84aa00fb9c91244a24,Expected 3/4.,e2_summary_v6.csv
E2,single_particle_random_replacement_f1,,pass_probability,0.5024433333333334,,,probability,complete,37563f83a07e62f1f304cb143c10157f99edb98f5a5d4e84aa00fb9c91244a24,Expected 1/2.,e2_summary_v6.csv
E3,probe_theta_pi_over_4,,qber,0.07322330470336325,,,probability,complete,c389102abdb77fe6114308f6fa4a2bdef9c86850c2ef0643b5c82897480c419f,Independent NumPy density-matrix path; specified U_theta family only.,e3_summary_v6.csv
E3,probe_theta_pi_over_4,,trace_distance,0.7071067811865476,,,probability,complete,c389102abdb77fe6114308f6fa4a2bdef9c86850c2ef0643b5c82897480c419f,,e3_summary_v6.csv
E3,probe_theta_pi_over_4,,helstrom_guess_probability,0.8535533905932737,,,probability,complete,c389102abdb77fe6114308f6fa4a2bdef9c86850c2ef0643b5c82897480c419f,,e3_summary_v6.csv
E3,grid_and_random_angles,,maximum_absolute_error,2.498001805406602e-16,,,probability,complete,c389102abdb77fe6114308f6fa4a2bdef9c86850c2ef0643b5c82897480c419f,"Includes unitarity, all four BB84 inputs, random non-grid angles, density matrices and independent Qiskit path.",e3_summary_v6.csv
E4,phi1_explicit_preparation,,state_fidelity,0.9999999999999978,,,probability,complete,b1f0eb8ea6c8f2caf833ab83e91c249c70a22e495293c0e87fdd589734075b0f,Hard-coded H/S/X/Y/CX stabilizer-synthesis circuit versus independent Bell expansion.,e4_summary_v6.csv
E4,phi2_explicit_preparation,,state_fidelity,0.9999999999999978,,,probability,complete,b1f0eb8ea6c8f2caf833ab83e91c249c70a22e495293c0e87fdd589734075b0f,,e4_summary_v6.csv
E4,all_32_explicit_circuits,,bidirectional_exact_decode_accuracy,0.9999999999999974,,,probability,complete,bfbc4afd10d48fb412c23dff460497d21e0693d404612ee9112f026aeac4b4c5,,e4_summary_v6.csv
E4,basic_mode_128_exact_branches,,successful_exact_branches,128,,,branches,complete,933d65a08da14d2f3d78a613d1951e308612e07384f85c30c42e44e25ab2a994,128=2 cluster states x 16 message pairs x 4 nonzero Bell branches; each branch reaches COMPLETED with both gamma checks and logical erasure.,e4_summary_v6.csv
E4,all_32_8192_shots,,bidirectional_shot_decode_accuracy,1.0,,,probability,complete,748d4fda6bfe9fd044a3de3591fc073335108b6395099c0f0a7de55a8f8f9369,,e4_summary_v6.csv
E4,transmission_depolarizing_p010,,acceptance_rate,0.8574999999999992,,,probability,complete,6315c7607716d3c1aa0ff6a9963fefe6c9664b807b3603be3b9b0ddb90f92fc7,"Noise applied only to transmitted S3,S4 qubits 2,3.",e4_summary_v6.csv
E4,storage_amplitude_damping_p010,,honest_false_abort,0.1854937499999999,,,probability,complete,6315c7607716d3c1aa0ff6a9963fefe6c9664b807b3603be3b9b0ddb90f92fc7,"Storage noise applied only to local S1,S2,S5,S6 qubits 0,1,4,5.",e4_summary_v6.csv
E4,gate_measurement_medium,,acceptance_rate,0.7167243957519531,,,probability,complete,894a1faa22e9d5d371dfd22207152abe61e5420c35a25a8bf946d42629ddca41,Aer NoiseModel on actual gates plus separate readout error.,e4_summary_v6.csv
E5,complete_IAQD,,honest_transcript_acceptance,1,,,boolean,complete,8adb18883eea97725e3c78bdb66c141e42f8b2600dae5911bd8d991052538d8b,,e5_summary_v6.csv
E5,complete_IAQD,,registered_attacks_rejected,42,,,attacks,complete,389988448100fe0084398afcd0ba0fe61c792bfca5e891e161b8f6f1b132fe2d,,e5_summary_v6.csv
E5,K_dist_decoy_authentication,,registered_K_dist_attacks_rejected,7,,,attacks,complete,389988448100fe0084398afcd0ba0fe61c792bfca5e891e161b8f6f1b132fe2d,tau_dist is independently generated and verified with K_dist; the generic outer record MAC remains separately classified as engineering hardening.,e5_summary_v6.csv
E5,K_dist_ablation,,real_erroneous_acceptance_counterexample,1,,,counterexamples,complete,f4e57863c3ea45f6124d85b6a5d2db2a3b15f9ade88c5b57c503f59c4ae3375a,,e5_summary_v6.csv
E5,ablations,,real_erroneous_acceptance_counterexamples,9,,,counterexamples,complete,f4e57863c3ea45f6124d85b6a5d2db2a3b15f9ade88c5b57c503f59c4ae3375a,,e5_summary_v6.csv
E5,ablations,,NO_COUNTEREXAMPLE_WITHIN_BOUND,0,,,ablations,complete,f4e57863c3ea45f6124d85b6a5d2db2a3b15f9ade88c5b57c503f59c4ae3375a,A bounded non-finding would not imply general security.,e5_summary_v6.csv
E5,confirmation_schema,,payload_fields,confirmation,,,,complete,8adb18883eea97725e3c78bdb66c141e42f8b2600dae5911bd8d991052538d8b,Online confirmation records carry no message field; gamma is recomputed from receiver-local recovery context.,e5_summary_v6.csv
E5,MAC_128_bit,,analytic_single_attempt_upper_bound,2.938735877055719e-39,,,probability,complete,ac32e96214097141d6a70952e2b977c3e6e7e8e79cfed66ef298ab4afe9beaed,No 128-bit Monte Carlo was performed.,e5_summary_v6.csv
E6,dtmc_L32_q003_q1020_t010,,honest_false_abort_probability,0.014901331562792053,0.014785425446155687,0.015059816823694616,probability,complete,ead041cf3329e7dc195c197186445a577593b89800588501d2ea6e048ac7c01d,,e6_summary_v6.csv
E6,dtmc_L32_q003_q1020_t010,,attack_miss_probability,0.09309309095426076,0.09286256884008451,0.09352047298526239,probability,complete,ead041cf3329e7dc195c197186445a577593b89800588501d2ea6e048ac7c01d,,e6_summary_v6.csv
E6,dtmc_all_registered,,maximum_prism_analytic_error,8.881784197001252e-16,,,probability,complete,ead041cf3329e7dc195c197186445a577593b89800588501d2ea6e048ac7c01d,,e6_summary_v6.csv
E6,dtmc_all_registered,,maximum_mc_analytic_error,0.0003221136995025242,,,probability,complete,ead041cf3329e7dc195c197186445a577593b89800588501d2ea6e048ac7c01d,Every trial materializes L independent error events.,e6_summary_v6.csv
E6,fair_all_registered,,pmax_fairness_violation,0.0,,,probability,complete,ae7123f61d2611a73b95806166042f54d4f94366a26d84e3979ae42d85a9b410,Finite protocol MDP only; corrupt parties authenticate their own malicious records.,e6_summary_v6.csv
E6,fair_all_registered,,maximum_information_lead,8,,,bits,complete,ae7123f61d2611a73b95806166042f54d4f94366a26d84e3979ae42d85a9b410,Computed solely from all PRISM-exported reachable states.,e6_summary_v6.csv
E6,fair_all_registered,,model_configurations,48,,,configurations,complete,ae7123f61d2611a73b95806166042f54d4f94366a26d84e3979ae42d85a9b410,,e6_summary_v6.csv
E6,fair_all_registered,,all_k_level_queries,944,,,queries,complete,3ed74416b19a64fdcf74589b6f3717747707c0ff4dce030231ea5e919311e019,Each finite MDP configuration queries every k from 0 through message_length_bits.,e6_summary_v6.csv
E7,ideal_zero_background_full_IMR,,ell_per_sequence,155,,,decoys,complete,50313ada716d8a612d616615a17b74ddfc40cf368006a38d070659e6e0316976,Ideal analytic value only; not an optical deployment parameter.,e7_summary_v6.csv
E7,threshold_q0_grid,,configurations_with_solution,11,,,configurations,complete,50313ada716d8a612d616615a17b74ddfc40cf368006a38d070659e6e0316976,,e7_summary_v6.csv
E7,reference_basic_n32_ell4,,actual_total_wire_bytes,5640,,,bytes,complete,9b11a86798e5a84607f0f0fda94f8e987be5607a155c2806c3b15ef871f9e11c,,e7_summary_v6.csv
E7,reference_basic_n32_ell155,,actual_total_wire_bytes,8515,,,bytes,complete,9b11a86798e5a84607f0f0fda94f8e987be5607a155c2806c3b15ef871f9e11c,,e7_summary_v6.csv
E7,explicit_full_protocol_phi1,,two_qubit_gates,25,,,gates,complete,6055ebfb59d73cd90a99e484ec6fe1fcfd47c080ceb4836ed55b93f04a3bb09b,Current explicit Qiskit implementation; no minimality claim.,e7_summary_v6.csv
E7,IAQD_basic,,paper_logical_auth_operations,12,,,operations,complete,45de8ae47aa561703992c71e40da3093deacf2bada4165d2be4b88ff5b754910,,e7_summary_v6.csv
E7,IAQD_basic,,upper_layer_round_count,5,,,rounds,complete,b3fdc9befd121521d28990ba2c10f92bbf2686e053c166802171765b112c7791,,e7_summary_v6.csv
E7,IAQD_fair_n32_lambda4,,upper_layer_round_count,22,,,rounds,complete,b3fdc9befd121521d28990ba2c10f92bbf2686e053c166802171765b112c7791,,e7_summary_v6.csv
E7,reference_basic_n32_ell4,,runtime_median_ms,19.868699950166047,19.72889254250196,20.063600784708385,milliseconds,complete,0a6db2db79ade2b67ef85905131f63240f294d3de6543caf953897a7d752c2b9,Python upper-layer reference implementation; external KE excluded.,e7_summary_v6.csv
E6,fair_single_block,,logical_configurations,32,,,configurations,complete,068667e2caf2e551540f2b1accfe0aa3e2b0c25d8bedf1ef22c41278d3e4d55e,,fair_protocol_summary_v6.csv
E6,fair_single_block,,exact_nonzero_branches,128,,,branches,complete,068667e2caf2e551540f2b1accfe0aa3e2b0c25d8bedf1ef22c41278d3e4d55e,,fair_protocol_summary_v6.csv
E6,fair_single_block,,exact_branch_success_rate,1.0,,,probability,complete,068667e2caf2e551540f2b1accfe0aa3e2b0c25d8bedf1ef22c41278d3e4d55e,,fair_protocol_summary_v6.csv
E6,fair_multiblock,,honest_complete_configurations,3456,,,configurations,complete,85b15876272e28a12c03caf94be95c8decf85241772753b389bbc71a19c037d7,,fair_protocol_summary_v6.csv
E6,fair_multiblock,,honest_success_rate,1.0,,,probability,complete,85b15876272e28a12c03caf94be95c8decf85241772753b389bbc71a19c037d7,,fair_protocol_summary_v6.csv
E6,fair_multiblock,,alice_corrupt_configurations,3456,,,configurations,complete,ca0d5d2f5dc58cd90bb0d9127c03e2856e73a5da8d98c49db5cd44a2056b2c98,,fair_protocol_summary_v6.csv
E6,fair_multiblock,,bob_corrupt_configurations,3456,,,configurations,complete,ca0d5d2f5dc58cd90bb0d9127c03e2856e73a5da8d98c49db5cd44a2056b2c98,,fair_protocol_summary_v6.csv
E6,fair_multiblock,,abort_prefixes_checked,37632,,,prefixes,complete,ca0d5d2f5dc58cd90bb0d9127c03e2856e73a5da8d98c49db5cd44a2056b2c98,,fair_protocol_summary_v6.csv
E6,fair_all,,maximum_information_lead,4,,,bits,complete,ca0d5d2f5dc58cd90bb0d9127c03e2856e73a5da8d98c49db5cd44a2056b2c98,,fair_protocol_summary_v6.csv
E6,fair_all,,fairness_violations,0,,,paths,complete,ca0d5d2f5dc58cd90bb0d9127c03e2856e73a5da8d98c49db5cd44a2056b2c98,,fair_protocol_summary_v6.csv
