profile,initial_state,alice_message,bob_message,single_qubit_error,two_qubit_error,readout_error,noise_class,affected_operations,shots,bell_label_recovery_rate,alice_decode_rate,bob_decode_rate,acceptance_rate,honest_false_abort
low,phi1,00,00,0.0005,0.005,0.01,C_gate_and_measurement,"h,x,y,z,s,sdg,cx,cz,measure",8192,0.8453369140625,0.8453369140625,0.8453369140625,0.8453369140625,0.1546630859375
low,phi1,00,01,0.0005,0.005,0.01,C_gate_and_measurement,"h,x,y,z,s,sdg,cx,cz,measure",8192,0.8482666015625,0.8482666015625,0.8482666015625,0.8482666015625,0.1517333984375
low,phi1,00,10,0.0005,0.005,0.01,C_gate_and_measurement,"h,x,y,z,s,sdg,cx,cz,measure",8192,0.8502197265625,0.8502197265625,0.8502197265625,0.8502197265625,0.1497802734375
low,phi1,00,11,0.0005,0.005,0.01,C_gate_and_measurement,"h,x,y,z,s,sdg,cx,cz,measure",8192,0.8408203125,0.8408203125,0.8408203125,0.8408203125,0.1591796875
low,phi1,01,00,0.0005,0.005,0.01,C_gate_and_measurement,"h,x,y,z,s,sdg,cx,cz,measure",8192,0.8505859375,0.8505859375,0.8505859375,0.8505859375,0.1494140625
low,phi1,01,01,0.0005,0.005,0.01,C_gate_and_measurement,"h,x,y,z,s,sdg,cx,cz,measure",8192,0.8431396484375,0.8431396484375,0.8431396484375,0.8431396484375,0.1568603515625
low,phi1,01,10,0.0005,0.005,0.01,C_gate_and_measurement,"h,x,y,z,s,sdg,cx,cz,measure",8192,0.84716796875,0.84716796875,0.84716796875,0.84716796875,0.15283203125
low,phi1,01,11,0.0005,0.005,0.01,C_gate_and_measurement,"h,x,y,z,s,sdg,cx,cz,measure",8192,0.83935546875,0.83935546875,0.83935546875,0.83935546875,0.16064453125
low,phi1,10,00,0.0005,0.005,0.01,C_gate_and_measurement,"h,x,y,z,s,sdg,cx,cz,measure",8192,0.843505859375,0.843505859375,0.843505859375,0.843505859375,0.156494140625
low,phi1,10,01,0.0005,0.005,0.01,C_gate_and_measurement,"h,x,y,z,s,sdg,cx,cz,measure",8192,0.846435546875,0.846435546875,0.846435546875,0.846435546875,0.153564453125
low,phi1,10,10,0.0005,0.005,0.01,C_gate_and_measurement,"h,x,y,z,s,sdg,cx,cz,measure",8192,0.8436279296875,0.8436279296875,0.8436279296875,0.8436279296875,0.1563720703125
low,phi1,10,11,0.0005,0.005,0.01,C_gate_and_measurement,"h,x,y,z,s,sdg,cx,cz,measure",8192,0.8426513671875,0.8426513671875,0.8426513671875,0.8426513671875,0.1573486328125
low,phi1,11,00,0.0005,0.005,0.01,C_gate_and_measurement,"h,x,y,z,s,sdg,cx,cz,measure",8192,0.8408203125,0.8408203125,0.8408203125,0.8408203125,0.1591796875
low,phi1,11,01,0.0005,0.005,0.01,C_gate_and_measurement,"h,x,y,z,s,sdg,cx,cz,measure",8192,0.845458984375,0.845458984375,0.845458984375,0.845458984375,0.154541015625
low,phi1,11,10,0.0005,0.005,0.01,C_gate_and_measurement,"h,x,y,z,s,sdg,cx,cz,measure",8192,0.8427734375,0.8427734375,0.8427734375,0.8427734375,0.1572265625
low,phi1,11,11,0.0005,0.005,0.01,C_gate_and_measurement,"h,x,y,z,s,sdg,cx,cz,measure",8192,0.83544921875,0.83544921875,0.83544921875,0.83544921875,0.16455078125
low,phi2,00,00,0.0005,0.005,0.01,C_gate_and_measurement,"h,x,y,z,s,sdg,cx,cz,measure",8192,0.8497314453125,0.8497314453125,0.8497314453125,0.8497314453125,0.1502685546875
low,phi2,00,01,0.0005,0.005,0.01,C_gate_and_measurement,"h,x,y,z,s,sdg,cx,cz,measure",8192,0.849853515625,0.849853515625,0.849853515625,0.849853515625,0.150146484375
low,phi2,00,10,0.0005,0.005,0.01,C_gate_and_measurement,"h,x,y,z,s,sdg,cx,cz,measure",8192,0.84619140625,0.84619140625,0.84619140625,0.84619140625,0.15380859375
low,phi2,00,11,0.0005,0.005,0.01,C_gate_and_measurement,"h,x,y,z,s,sdg,cx,cz,measure",8192,0.8485107421875,0.8485107421875,0.8485107421875,0.8485107421875,0.1514892578125
low,phi2,01,00,0.0005,0.005,0.01,C_gate_and_measurement,"h,x,y,z,s,sdg,cx,cz,measure",8192,0.8447265625,0.8447265625,0.8447265625,0.8447265625,0.1552734375
low,phi2,01,01,0.0005,0.005,0.01,C_gate_and_measurement,"h,x,y,z,s,sdg,cx,cz,measure",8192,0.8504638671875,0.8504638671875,0.8504638671875,0.8504638671875,0.1495361328125
low,phi2,01,10,0.0005,0.005,0.01,C_gate_and_measurement,"h,x,y,z,s,sdg,cx,cz,measure",8192,0.8477783203125,0.8477783203125,0.8477783203125,0.8477783203125,0.1522216796875
low,phi2,01,11,0.0005,0.005,0.01,C_gate_and_measurement,"h,x,y,z,s,sdg,cx,cz,measure",8192,0.8411865234375,0.8411865234375,0.8411865234375,0.8411865234375,0.1588134765625
low,phi2,10,00,0.0005,0.005,0.01,C_gate_and_measurement,"h,x,y,z,s,sdg,cx,cz,measure",8192,0.8477783203125,0.8477783203125,0.8477783203125,0.8477783203125,0.1522216796875
low,phi2,10,01,0.0005,0.005,0.01,C_gate_and_measurement,"h,x,y,z,s,sdg,cx,cz,measure",8192,0.8443603515625,0.8443603515625,0.8443603515625,0.8443603515625,0.1556396484375
low,phi2,10,10,0.0005,0.005,0.01,C_gate_and_measurement,"h,x,y,z,s,sdg,cx,cz,measure",8192,0.843505859375,0.843505859375,0.843505859375,0.843505859375,0.156494140625
low,phi2,10,11,0.0005,0.005,0.01,C_gate_and_measurement,"h,x,y,z,s,sdg,cx,cz,measure",8192,0.83935546875,0.83935546875,0.83935546875,0.83935546875,0.16064453125
low,phi2,11,00,0.0005,0.005,0.01,C_gate_and_measurement,"h,x,y,z,s,sdg,cx,cz,measure",8192,0.839111328125,0.839111328125,0.839111328125,0.839111328125,0.160888671875
low,phi2,11,01,0.0005,0.005,0.01,C_gate_and_measurement,"h,x,y,z,s,sdg,cx,cz,measure",8192,0.8475341796875,0.8475341796875,0.8475341796875,0.8475341796875,0.1524658203125
low,phi2,11,10,0.0005,0.005,0.01,C_gate_and_measurement,"h,x,y,z,s,sdg,cx,cz,measure",8192,0.843505859375,0.843505859375,0.843505859375,0.843505859375,0.156494140625
low,phi2,11,11,0.0005,0.005,0.01,C_gate_and_measurement,"h,x,y,z,s,sdg,cx,cz,measure",8192,0.85107421875,0.85107421875,0.85107421875,0.85107421875,0.14892578125
medium,phi1,00,00,0.001,0.01,0.02,C_gate_and_measurement,"h,x,y,z,s,sdg,cx,cz,measure",8192,0.71337890625,0.71337890625,0.71337890625,0.71337890625,0.28662109375
medium,phi1,00,01,0.001,0.01,0.02,C_gate_and_measurement,"h,x,y,z,s,sdg,cx,cz,measure",8192,0.71142578125,0.71142578125,0.71142578125,0.71142578125,0.28857421875
medium,phi1,00,10,0.001,0.01,0.02,C_gate_and_measurement,"h,x,y,z,s,sdg,cx,cz,measure",8192,0.71923828125,0.71923828125,0.71923828125,0.71923828125,0.28076171875
medium,phi1,00,11,0.001,0.01,0.02,C_gate_and_measurement,"h,x,y,z,s,sdg,cx,cz,measure",8192,0.716552734375,0.716552734375,0.716552734375,0.716552734375,0.283447265625
medium,phi1,01,00,0.001,0.01,0.02,C_gate_and_measurement,"h,x,y,z,s,sdg,cx,cz,measure",8192,0.71923828125,0.71923828125,0.71923828125,0.71923828125,0.28076171875
medium,phi1,01,01,0.001,0.01,0.02,C_gate_and_measurement,"h,x,y,z,s,sdg,cx,cz,measure",8192,0.71923828125,0.71923828125,0.71923828125,0.71923828125,0.28076171875
medium,phi1,01,10,0.001,0.01,0.02,C_gate_and_measurement,"h,x,y,z,s,sdg,cx,cz,measure",8192,0.7181396484375,0.7181396484375,0.7181396484375,0.7181396484375,0.2818603515625
medium,phi1,01,11,0.001,0.01,0.02,C_gate_and_measurement,"h,x,y,z,s,sdg,cx,cz,measure",8192,0.7254638671875,0.7254638671875,0.7254638671875,0.7254638671875,0.2745361328125
medium,phi1,10,00,0.001,0.01,0.02,C_gate_and_measurement,"h,x,y,z,s,sdg,cx,cz,measure",8192,0.7176513671875,0.7176513671875,0.7176513671875,0.7176513671875,0.2823486328125
medium,phi1,10,01,0.001,0.01,0.02,C_gate_and_measurement,"h,x,y,z,s,sdg,cx,cz,measure",8192,0.71435546875,0.71435546875,0.71435546875,0.71435546875,0.28564453125
medium,phi1,10,10,0.001,0.01,0.02,C_gate_and_measurement,"h,x,y,z,s,sdg,cx,cz,measure",8192,0.7213134765625,0.7213134765625,0.7213134765625,0.7213134765625,0.2786865234375
medium,phi1,10,11,0.001,0.01,0.02,C_gate_and_measurement,"h,x,y,z,s,sdg,cx,cz,measure",8192,0.7108154296875,0.7108154296875,0.7108154296875,0.7108154296875,0.2891845703125
medium,phi1,11,00,0.001,0.01,0.02,C_gate_and_measurement,"h,x,y,z,s,sdg,cx,cz,measure",8192,0.716552734375,0.716552734375,0.716552734375,0.716552734375,0.283447265625
medium,phi1,11,01,0.001,0.01,0.02,C_gate_and_measurement,"h,x,y,z,s,sdg,cx,cz,measure",8192,0.7149658203125,0.7149658203125,0.7149658203125,0.7149658203125,0.2850341796875
medium,phi1,11,10,0.001,0.01,0.02,C_gate_and_measurement,"h,x,y,z,s,sdg,cx,cz,measure",8192,0.7138671875,0.7138671875,0.7138671875,0.7138671875,0.2861328125
medium,phi1,11,11,0.001,0.01,0.02,C_gate_and_measurement,"h,x,y,z,s,sdg,cx,cz,measure",8192,0.715087890625,0.715087890625,0.715087890625,0.715087890625,0.284912109375
medium,phi2,00,00,0.001,0.01,0.02,C_gate_and_measurement,"h,x,y,z,s,sdg,cx,cz,measure",8192,0.7144775390625,0.7144775390625,0.7144775390625,0.7144775390625,0.2855224609375
medium,phi2,00,01,0.001,0.01,0.02,C_gate_and_measurement,"h,x,y,z,s,sdg,cx,cz,measure",8192,0.7208251953125,0.7208251953125,0.7208251953125,0.7208251953125,0.2791748046875
medium,phi2,00,10,0.001,0.01,0.02,C_gate_and_measurement,"h,x,y,z,s,sdg,cx,cz,measure",8192,0.7337646484375,0.7337646484375,0.7337646484375,0.7337646484375,0.2662353515625
medium,phi2,00,11,0.001,0.01,0.02,C_gate_and_measurement,"h,x,y,z,s,sdg,cx,cz,measure",8192,0.7119140625,0.7119140625,0.7119140625,0.7119140625,0.2880859375
medium,phi2,01,00,0.001,0.01,0.02,C_gate_and_measurement,"h,x,y,z,s,sdg,cx,cz,measure",8192,0.7196044921875,0.7196044921875,0.7196044921875,0.7196044921875,0.2803955078125
medium,phi2,01,01,0.001,0.01,0.02,C_gate_and_measurement,"h,x,y,z,s,sdg,cx,cz,measure",8192,0.7177734375,0.7177734375,0.7177734375,0.7177734375,0.2822265625
medium,phi2,01,10,0.001,0.01,0.02,C_gate_and_measurement,"h,x,y,z,s,sdg,cx,cz,measure",8192,0.7108154296875,0.7108154296875,0.7108154296875,0.7108154296875,0.2891845703125
medium,phi2,01,11,0.001,0.01,0.02,C_gate_and_measurement,"h,x,y,z,s,sdg,cx,cz,measure",8192,0.71875,0.71875,0.71875,0.71875,0.28125
medium,phi2,10,00,0.001,0.01,0.02,C_gate_and_measurement,"h,x,y,z,s,sdg,cx,cz,measure",8192,0.72314453125,0.72314453125,0.72314453125,0.72314453125,0.27685546875
medium,phi2,10,01,0.001,0.01,0.02,C_gate_and_measurement,"h,x,y,z,s,sdg,cx,cz,measure",8192,0.71728515625,0.71728515625,0.71728515625,0.71728515625,0.28271484375
medium,phi2,10,10,0.001,0.01,0.02,C_gate_and_measurement,"h,x,y,z,s,sdg,cx,cz,measure",8192,0.7093505859375,0.7093505859375,0.7093505859375,0.7093505859375,0.2906494140625
medium,phi2,10,11,0.001,0.01,0.02,C_gate_and_measurement,"h,x,y,z,s,sdg,cx,cz,measure",8192,0.7091064453125,0.7091064453125,0.7091064453125,0.7091064453125,0.2908935546875
medium,phi2,11,00,0.001,0.01,0.02,C_gate_and_measurement,"h,x,y,z,s,sdg,cx,cz,measure",8192,0.718505859375,0.718505859375,0.718505859375,0.718505859375,0.281494140625
medium,phi2,11,01,0.001,0.01,0.02,C_gate_and_measurement,"h,x,y,z,s,sdg,cx,cz,measure",8192,0.718017578125,0.718017578125,0.718017578125,0.718017578125,0.281982421875
medium,phi2,11,10,0.001,0.01,0.02,C_gate_and_measurement,"h,x,y,z,s,sdg,cx,cz,measure",8192,0.7149658203125,0.7149658203125,0.7149658203125,0.7149658203125,0.2850341796875
medium,phi2,11,11,0.001,0.01,0.02,C_gate_and_measurement,"h,x,y,z,s,sdg,cx,cz,measure",8192,0.7095947265625,0.7095947265625,0.7095947265625,0.7095947265625,0.2904052734375
high,phi1,00,00,0.005,0.03,0.05,C_gate_and_measurement,"h,x,y,z,s,sdg,cx,cz,measure",8192,0.387451171875,0.387451171875,0.387451171875,0.387451171875,0.612548828125
high,phi1,00,01,0.005,0.03,0.05,C_gate_and_measurement,"h,x,y,z,s,sdg,cx,cz,measure",8192,0.396240234375,0.396240234375,0.396240234375,0.396240234375,0.603759765625
high,phi1,00,10,0.005,0.03,0.05,C_gate_and_measurement,"h,x,y,z,s,sdg,cx,cz,measure",8192,0.388427734375,0.388427734375,0.388427734375,0.388427734375,0.611572265625
high,phi1,00,11,0.005,0.03,0.05,C_gate_and_measurement,"h,x,y,z,s,sdg,cx,cz,measure",8192,0.393310546875,0.393310546875,0.393310546875,0.393310546875,0.606689453125
high,phi1,01,00,0.005,0.03,0.05,C_gate_and_measurement,"h,x,y,z,s,sdg,cx,cz,measure",8192,0.38623046875,0.38623046875,0.38623046875,0.38623046875,0.61376953125
high,phi1,01,01,0.005,0.03,0.05,C_gate_and_measurement,"h,x,y,z,s,sdg,cx,cz,measure",8192,0.386474609375,0.386474609375,0.386474609375,0.386474609375,0.613525390625
high,phi1,01,10,0.005,0.03,0.05,C_gate_and_measurement,"h,x,y,z,s,sdg,cx,cz,measure",8192,0.3905029296875,0.3905029296875,0.3905029296875,0.3905029296875,0.6094970703125
high,phi1,01,11,0.005,0.03,0.05,C_gate_and_measurement,"h,x,y,z,s,sdg,cx,cz,measure",8192,0.3856201171875,0.3856201171875,0.3856201171875,0.3856201171875,0.6143798828125
high,phi1,10,00,0.005,0.03,0.05,C_gate_and_measurement,"h,x,y,z,s,sdg,cx,cz,measure",8192,0.393310546875,0.393310546875,0.393310546875,0.393310546875,0.606689453125
high,phi1,10,01,0.005,0.03,0.05,C_gate_and_measurement,"h,x,y,z,s,sdg,cx,cz,measure",8192,0.38330078125,0.38330078125,0.38330078125,0.38330078125,0.61669921875
high,phi1,10,10,0.005,0.03,0.05,C_gate_and_measurement,"h,x,y,z,s,sdg,cx,cz,measure",8192,0.376708984375,0.376708984375,0.376708984375,0.376708984375,0.623291015625
high,phi1,10,11,0.005,0.03,0.05,C_gate_and_measurement,"h,x,y,z,s,sdg,cx,cz,measure",8192,0.3790283203125,0.3790283203125,0.3790283203125,0.3790283203125,0.6209716796875
high,phi1,11,00,0.005,0.03,0.05,C_gate_and_measurement,"h,x,y,z,s,sdg,cx,cz,measure",8192,0.391845703125,0.391845703125,0.391845703125,0.391845703125,0.608154296875
high,phi1,11,01,0.005,0.03,0.05,C_gate_and_measurement,"h,x,y,z,s,sdg,cx,cz,measure",8192,0.3900146484375,0.3900146484375,0.3900146484375,0.3900146484375,0.6099853515625
high,phi1,11,10,0.005,0.03,0.05,C_gate_and_measurement,"h,x,y,z,s,sdg,cx,cz,measure",8192,0.38134765625,0.38134765625,0.38134765625,0.38134765625,0.61865234375
high,phi1,11,11,0.005,0.03,0.05,C_gate_and_measurement,"h,x,y,z,s,sdg,cx,cz,measure",8192,0.3880615234375,0.3880615234375,0.3880615234375,0.3880615234375,0.6119384765625
high,phi2,00,00,0.005,0.03,0.05,C_gate_and_measurement,"h,x,y,z,s,sdg,cx,cz,measure",8192,0.4039306640625,0.4039306640625,0.4039306640625,0.4039306640625,0.5960693359375
high,phi2,00,01,0.005,0.03,0.05,C_gate_and_measurement,"h,x,y,z,s,sdg,cx,cz,measure",8192,0.389892578125,0.389892578125,0.389892578125,0.389892578125,0.610107421875
high,phi2,00,10,0.005,0.03,0.05,C_gate_and_measurement,"h,x,y,z,s,sdg,cx,cz,measure",8192,0.399658203125,0.399658203125,0.399658203125,0.399658203125,0.600341796875
high,phi2,00,11,0.005,0.03,0.05,C_gate_and_measurement,"h,x,y,z,s,sdg,cx,cz,measure",8192,0.394775390625,0.394775390625,0.394775390625,0.394775390625,0.605224609375
high,phi2,01,00,0.005,0.03,0.05,C_gate_and_measurement,"h,x,y,z,s,sdg,cx,cz,measure",8192,0.38916015625,0.38916015625,0.38916015625,0.38916015625,0.61083984375
high,phi2,01,01,0.005,0.03,0.05,C_gate_and_measurement,"h,x,y,z,s,sdg,cx,cz,measure",8192,0.386474609375,0.386474609375,0.386474609375,0.386474609375,0.613525390625
high,phi2,01,10,0.005,0.03,0.05,C_gate_and_measurement,"h,x,y,z,s,sdg,cx,cz,measure",8192,0.39306640625,0.39306640625,0.39306640625,0.39306640625,0.60693359375
high,phi2,01,11,0.005,0.03,0.05,C_gate_and_measurement,"h,x,y,z,s,sdg,cx,cz,measure",8192,0.3834228515625,0.3834228515625,0.3834228515625,0.3834228515625,0.6165771484375
high,phi2,10,00,0.005,0.03,0.05,C_gate_and_measurement,"h,x,y,z,s,sdg,cx,cz,measure",8192,0.3900146484375,0.3900146484375,0.3900146484375,0.3900146484375,0.6099853515625
high,phi2,10,01,0.005,0.03,0.05,C_gate_and_measurement,"h,x,y,z,s,sdg,cx,cz,measure",8192,0.392822265625,0.392822265625,0.392822265625,0.392822265625,0.607177734375
high,phi2,10,10,0.005,0.03,0.05,C_gate_and_measurement,"h,x,y,z,s,sdg,cx,cz,measure",8192,0.3916015625,0.3916015625,0.3916015625,0.3916015625,0.6083984375
high,phi2,10,11,0.005,0.03,0.05,C_gate_and_measurement,"h,x,y,z,s,sdg,cx,cz,measure",8192,0.394287109375,0.394287109375,0.394287109375,0.394287109375,0.605712890625
high,phi2,11,00,0.005,0.03,0.05,C_gate_and_measurement,"h,x,y,z,s,sdg,cx,cz,measure",8192,0.392822265625,0.392822265625,0.392822265625,0.392822265625,0.607177734375
high,phi2,11,01,0.005,0.03,0.05,C_gate_and_measurement,"h,x,y,z,s,sdg,cx,cz,measure",8192,0.3907470703125,0.3907470703125,0.3907470703125,0.3907470703125,0.6092529296875
high,phi2,11,10,0.005,0.03,0.05,C_gate_and_measurement,"h,x,y,z,s,sdg,cx,cz,measure",8192,0.395751953125,0.395751953125,0.395751953125,0.395751953125,0.604248046875
high,phi2,11,11,0.005,0.03,0.05,C_gate_and_measurement,"h,x,y,z,s,sdg,cx,cz,measure",8192,0.3834228515625,0.3834228515625,0.3834228515625,0.3834228515625,0.6165771484375
