tag_bits,seed,trials,successes,observed_probability,wilson_95_low,wilson_95_high,sampling_method,constant_time_reference_comparison,monte_carlo,analytic_single_attempt_upper_bound
8,2026083001,1000000,3961,0.003961,0.003839782313807683,0.004086028698336389,independent_uniform_tag_bytes_truncated_and_compared,True,True,
8,2026083002,1000000,3827,0.003827,0.003707874711524654,0.003949937330126426,independent_uniform_tag_bytes_truncated_and_compared,True,True,
8,2026083003,1000000,3951,0.003951,0.003829937214766262,0.004075873874206689,independent_uniform_tag_bytes_truncated_and_compared,True,True,
8,2026083004,1000000,3898,0.003898,0.0037777615202866793,0.004022049975879344,independent_uniform_tag_bytes_truncated_and_compared,True,True,
8,2026083005,1000000,3858,0.003858,0.003738387397072964,0.003981424406408584,independent_uniform_tag_bytes_truncated_and_compared,True,True,
8,2026083006,1000000,3955,0.003955,0.0038338752306164387,0.004079935827624962,independent_uniform_tag_bytes_truncated_and_compared,True,True,
8,2026083007,1000000,3971,0.003971,0.003849627610504476,0.004096183324810714,independent_uniform_tag_bytes_truncated_and_compared,True,True,
8,2026083008,1000000,3900,0.0039,0.0037797303118899464,0.0040240811689103,independent_uniform_tag_bytes_truncated_and_compared,True,True,
8,2026083009,1000000,3889,0.003889,0.0037689020583723323,0.004012909506939684,independent_uniform_tag_bytes_truncated_and_compared,True,True,
8,2026083010,1000000,3967,0.003967,0.0038456894681547713,0.004092121497891971,independent_uniform_tag_bytes_truncated_and_compared,True,True,
8,2026083011,1000000,3955,0.003955,0.0038338752306164387,0.004079935827624962,independent_uniform_tag_bytes_truncated_and_compared,True,True,
8,2026083012,1000000,3780,0.00378,0.0036616173653327188,0.0039021950374141037,independent_uniform_tag_bytes_truncated_and_compared,True,True,
8,2026083013,1000000,3866,0.003866,0.0037462619601811055,0.003989549781837338,independent_uniform_tag_bytes_truncated_and_compared,True,True,
8,2026083014,1000000,3970,0.00397,0.003848643071961517,0.004095167871036561,independent_uniform_tag_bytes_truncated_and_compared,True,True,
8,2026083015,1000000,3925,0.003925,0.003804340887664886,0.004049470401063158,independent_uniform_tag_bytes_truncated_and_compared,True,True,
8,2026083016,1000000,3945,0.003945,0.003824030250526839,0.004069780884543441,independent_uniform_tag_bytes_truncated_and_compared,True,True,
8,2026083017,1000000,3877,0.003877,0.0037570896985493277,0.004000721958957346,independent_uniform_tag_bytes_truncated_and_compared,True,True,
8,2026083018,1000000,3816,0.003816,0.00369704810898161,0.00393876401718124,independent_uniform_tag_bytes_truncated_and_compared,True,True,
8,2026083019,1000000,3958,0.003958,0.0038368287633075123,0.004082982271885222,independent_uniform_tag_bytes_truncated_and_compared,True,True,
8,2026083020,1000000,3860,0.00386,0.003740356025530552,0.00398345576258522,independent_uniform_tag_bytes_truncated_and_compared,True,True,
8,2026083021,1000000,3956,0.003956,0.00383485973953343,0.004080951311025083,independent_uniform_tag_bytes_truncated_and_compared,True,True,
8,2026083022,1000000,3786,0.003786,0.0036675222995604232,0.00390829005708907,independent_uniform_tag_bytes_truncated_and_compared,True,True,
8,2026083023,1000000,3937,0.003937,0.0038161544095938384,0.0040616567869395485,independent_uniform_tag_bytes_truncated_and_compared,True,True,
8,2026083024,1000000,3890,0.00389,0.0037698864349140337,0.004013925122715094,independent_uniform_tag_bytes_truncated_and_compared,True,True,
8,2026083025,1000000,3928,0.003928,0.0038072942411486762,0.004052517024530703,independent_uniform_tag_bytes_truncated_and_compared,True,True,
8,2026083026,1000000,3988,0.003988,0.0038663650664073376,0.004113445738298754,independent_uniform_tag_bytes_truncated_and_compared,True,True,
8,2026083027,1000000,3812,0.003812,0.003693111225238734,0.003934700931655668,independent_uniform_tag_bytes_truncated_and_compared,True,True,
8,2026083028,1000000,3968,0.003968,0.003846674000785923,0.004093136957577931,independent_uniform_tag_bytes_truncated_and_compared,True,True,
8,2026083029,1000000,3848,0.003848,0.00372854437826608,0.00397126750204435,independent_uniform_tag_bytes_truncated_and_compared,True,True,
8,2026083030,1000000,3899,0.003899,0.0037787459150764725,0.004023065573406663,independent_uniform_tag_bytes_truncated_and_compared,True,True,
12,2026083001,1000000,241,0.000241,0.00021243618553071328,0.0002734034069571929,independent_uniform_tag_bytes_truncated_and_compared,True,True,
12,2026083002,1000000,221,0.000221,0.00019372299942550529,0.00025211674672016344,independent_uniform_tag_bytes_truncated_and_compared,True,True,
12,2026083003,1000000,236,0.000236,0.0002077527384070018,0.000268086892495345,independent_uniform_tag_bytes_truncated_and_compared,True,True,
12,2026083004,1000000,256,0.000256,0.00022650567610453342,0.00028933380114005075,independent_uniform_tag_bytes_truncated_and_compared,True,True,
12,2026083005,1000000,245,0.000245,0.00021618529256932763,0.000277654269187026,independent_uniform_tag_bytes_truncated_and_compared,True,True,
12,2026083006,1000000,239,0.000239,0.00021056241024302872,0.00027127719761065375,independent_uniform_tag_bytes_truncated_and_compared,True,True,
12,2026083007,1000000,234,0.000234,0.00020588029434751048,0.00026595935192061257,independent_uniform_tag_bytes_truncated_and_compared,True,True,
12,2026083008,1000000,249,0.000249,0.00021993643292580675,0.00028190309809899433,independent_uniform_tag_bytes_truncated_and_compared,True,True,
12,2026083009,1000000,236,0.000236,0.0002077527384070018,0.000268086892495345,independent_uniform_tag_bytes_truncated_and_compared,True,True,
12,2026083010,1000000,222,0.000222,0.00019465731366404164,0.000253182424798739,independent_uniform_tag_bytes_truncated_and_compared,True,True,
12,2026083011,1000000,234,0.000234,0.00020588029434751048,0.00026595935192061257,independent_uniform_tag_bytes_truncated_and_compared,True,True,
12,2026083012,1000000,223,0.000223,0.00019559177513157143,0.00025424795564832104,independent_uniform_tag_bytes_truncated_and_compared,True,True,
12,2026083013,1000000,243,0.000243,0.00021431048177003673,0.00027552909535209313,independent_uniform_tag_bytes_truncated_and_compared,True,True,
12,2026083014,1000000,242,0.000242,0.00021337326893398242,0.0002744663158710356,independent_uniform_tag_bytes_truncated_and_compared,True,True,
12,2026083015,1000000,256,0.000256,0.00022650567610453342,0.00028933380114005075,independent_uniform_tag_bytes_truncated_and_compared,True,True,
12,2026083016,1000000,232,0.000232,0.00020400839468767568,0.0002638312669462237,independent_uniform_tag_bytes_truncated_and_compared,True,True,
12,2026083017,1000000,246,0.000246,0.00021712288896712012,0.00027871666510634536,independent_uniform_tag_bytes_truncated_and_compared,True,True,
12,2026083018,1000000,270,0.00027,0.0002396614293733465,0.0003041779403108039,independent_uniform_tag_bytes_truncated_and_compared,True,True,
12,2026083019,1000000,223,0.000223,0.00019559177513157143,0.00025424795564832104,independent_uniform_tag_bytes_truncated_and_compared,True,True,
12,2026083020,1000000,224,0.000224,0.00019652638284332454,0.00025531334025367985,independent_uniform_tag_bytes_truncated_and_compared,True,True,
12,2026083021,1000000,266,0.000266,0.000235900369098642,0.00029993903131706097,independent_uniform_tag_bytes_truncated_and_compared,True,True,
12,2026083022,1000000,237,0.000237,0.000208689162432112,0.00026915046078734666,independent_uniform_tag_bytes_truncated_and_compared,True,True,
12,2026083023,1000000,259,0.000259,0.00022932286527936903,0.0002925165889165509,independent_uniform_tag_bytes_truncated_and_compared,True,True,
12,2026083024,1000000,250,0.00025,0.00022087452998224922,0.0002829649933596637,independent_uniform_tag_bytes_truncated_and_compared,True,True,
12,2026083025,1000000,242,0.000242,0.00021337326893398242,0.0002744663158710356,independent_uniform_tag_bytes_truncated_and_compared,True,True,
12,2026083026,1000000,254,0.000254,0.00022462814386118514,0.0002872113487491753,independent_uniform_tag_bytes_truncated_and_compared,True,True,
12,2026083027,1000000,228,0.000228,0.0002002662568162335,0.0002595734355492184,independent_uniform_tag_bytes_truncated_and_compared,True,True,
12,2026083028,1000000,272,0.000272,0.00024154262138830358,0.0003062967329300706,independent_uniform_tag_bytes_truncated_and_compared,True,True,
12,2026083029,1000000,243,0.000243,0.00021431048177003673,0.00027552909535209313,independent_uniform_tag_bytes_truncated_and_compared,True,True,
12,2026083030,1000000,239,0.000239,0.00021056241024302872,0.00027127719761065375,independent_uniform_tag_bytes_truncated_and_compared,True,True,
16,2026083001,1000000,18,1.8e-05,1.1386389236926e-05,2.8454916535032645e-05,independent_uniform_tag_bytes_truncated_and_compared,True,True,
16,2026083002,1000000,14,1.4e-05,8.339874724327562e-06,2.3501461779183594e-05,independent_uniform_tag_bytes_truncated_and_compared,True,True,
16,2026083003,1000000,13,1.3e-05,7.5976191153199e-06,2.224372507107938e-05,independent_uniform_tag_bytes_truncated_and_compared,True,True,
16,2026083004,1000000,19,1.9e-05,1.2164226075884132e-05,2.9677072013186386e-05,independent_uniform_tag_bytes_truncated_and_compared,True,True,
16,2026083005,1000000,24,2.4e-05,1.612873197046184e-05,3.5712527704168035e-05,independent_uniform_tag_bytes_truncated_and_compared,True,True,
16,2026083006,1000000,20,2e-05,1.2947561970587972e-05,3.089372843559441e-05,independent_uniform_tag_bytes_truncated_and_compared,True,True,
16,2026083007,1000000,14,1.4e-05,8.339874724327562e-06,2.3501461779183594e-05,independent_uniform_tag_bytes_truncated_and_compared,True,True,
16,2026083008,1000000,10,1e-05,5.431994839843524e-06,1.8409372395220142e-05,independent_uniform_tag_bytes_truncated_and_compared,True,True,
16,2026083009,1000000,15,1.5e-05,9.09061023353234e-06,2.4750718587090688e-05,independent_uniform_tag_bytes_truncated_and_compared,True,True,
16,2026083010,1000000,8,8e-06,4.0538044146304985e-06,1.578757818620942e-05,independent_uniform_tag_bytes_truncated_and_compared,True,True,
16,2026083011,1000000,22,2.2e-05,1.4529218105020206e-05,3.3312056935385926e-05,independent_uniform_tag_bytes_truncated_and_compared,True,True,
16,2026083012,1000000,12,1.2e-05,6.8647726157685394e-06,2.097657925351887e-05,independent_uniform_tag_bytes_truncated_and_compared,True,True,
16,2026083013,1000000,18,1.8e-05,1.1386389236926e-05,2.8454916535032645e-05,independent_uniform_tag_bytes_truncated_and_compared,True,True,
16,2026083014,1000000,19,1.9e-05,1.2164226075884132e-05,2.9677072013186386e-05,independent_uniform_tag_bytes_truncated_and_compared,True,True,
16,2026083015,1000000,9,9e-06,4.735081123813386e-06,1.7106293794138406e-05,independent_uniform_tag_bytes_truncated_and_compared,True,True,
16,2026083016,1000000,23,2.3e-05,1.5326884928932e-05,3.451438242858601e-05,independent_uniform_tag_bytes_truncated_and_compared,True,True,
16,2026083017,1000000,17,1.7e-05,1.0614492680504599e-05,2.722682077434217e-05,independent_uniform_tag_bytes_truncated_and_compared,True,True,
16,2026083018,1000000,11,1.1e-05,6.142447654735242e-06,1.9698911897440297e-05,independent_uniform_tag_bytes_truncated_and_compared,True,True,
16,2026083019,1000000,17,1.7e-05,1.0614492680504599e-05,2.722682077434217e-05,independent_uniform_tag_bytes_truncated_and_compared,True,True,
16,2026083020,1000000,16,1.6e-05,9.849039998359881e-06,2.5992281139375016e-05,independent_uniform_tag_bytes_truncated_and_compared,True,True,
16,2026083021,1000000,11,1.1e-05,6.142447654735242e-06,1.9698911897440297e-05,independent_uniform_tag_bytes_truncated_and_compared,True,True,
16,2026083022,1000000,19,1.9e-05,1.2164226075884132e-05,2.9677072013186386e-05,independent_uniform_tag_bytes_truncated_and_compared,True,True,
16,2026083023,1000000,17,1.7e-05,1.0614492680504599e-05,2.722682077434217e-05,independent_uniform_tag_bytes_truncated_and_compared,True,True,
16,2026083024,1000000,13,1.3e-05,7.5976191153199e-06,2.224372507107938e-05,independent_uniform_tag_bytes_truncated_and_compared,True,True,
16,2026083025,1000000,17,1.7e-05,1.0614492680504599e-05,2.722682077434217e-05,independent_uniform_tag_bytes_truncated_and_compared,True,True,
16,2026083026,1000000,15,1.5e-05,9.09061023353234e-06,2.4750718587090688e-05,independent_uniform_tag_bytes_truncated_and_compared,True,True,
16,2026083027,1000000,18,1.8e-05,1.1386389236926e-05,2.8454916535032645e-05,independent_uniform_tag_bytes_truncated_and_compared,True,True,
16,2026083028,1000000,17,1.7e-05,1.0614492680504599e-05,2.722682077434217e-05,independent_uniform_tag_bytes_truncated_and_compared,True,True,
16,2026083029,1000000,13,1.3e-05,7.5976191153199e-06,2.224372507107938e-05,independent_uniform_tag_bytes_truncated_and_compared,True,True,
16,2026083030,1000000,12,1.2e-05,6.8647726157685394e-06,2.097657925351887e-05,independent_uniform_tag_bytes_truncated_and_compared,True,True,
20,2026083001,1000000,3,3e-06,1.0202712409681223e-06,8.821149774312436e-06,independent_uniform_tag_bytes_truncated_and_compared,True,True,
20,2026083002,1000000,1,1e-06,1.7652457674537176e-07,5.664911804311444e-06,independent_uniform_tag_bytes_truncated_and_compared,True,True,
20,2026083003,1000000,0,0.0,4.235164736271502e-22,3.841444063944942e-06,independent_uniform_tag_bytes_truncated_and_compared,True,True,
20,2026083004,1000000,3,3e-06,1.0202712409681223e-06,8.821149774312436e-06,independent_uniform_tag_bytes_truncated_and_compared,True,True,
20,2026083005,1000000,0,0.0,4.235164736271502e-22,3.841444063944942e-06,independent_uniform_tag_bytes_truncated_and_compared,True,True,
20,2026083006,1000000,0,0.0,4.235164736271502e-22,3.841444063944942e-06,independent_uniform_tag_bytes_truncated_and_compared,True,True,
20,2026083007,1000000,2,2e-06,5.48472309596056e-07,7.29295638857263e-06,independent_uniform_tag_bytes_truncated_and_compared,True,True,
20,2026083008,1000000,2,2e-06,5.48472309596056e-07,7.29295638857263e-06,independent_uniform_tag_bytes_truncated_and_compared,True,True,
20,2026083009,1000000,0,0.0,4.235164736271502e-22,3.841444063944942e-06,independent_uniform_tag_bytes_truncated_and_compared,True,True,
20,2026083010,1000000,2,2e-06,5.48472309596056e-07,7.29295638857263e-06,independent_uniform_tag_bytes_truncated_and_compared,True,True,
20,2026083011,1000000,2,2e-06,5.48472309596056e-07,7.29295638857263e-06,independent_uniform_tag_bytes_truncated_and_compared,True,True,
20,2026083012,1000000,2,2e-06,5.48472309596056e-07,7.29295638857263e-06,independent_uniform_tag_bytes_truncated_and_compared,True,True,
20,2026083013,1000000,0,0.0,4.235164736271502e-22,3.841444063944942e-06,independent_uniform_tag_bytes_truncated_and_compared,True,True,
20,2026083014,1000000,2,2e-06,5.48472309596056e-07,7.29295638857263e-06,independent_uniform_tag_bytes_truncated_and_compared,True,True,
20,2026083015,1000000,0,0.0,4.235164736271502e-22,3.841444063944942e-06,independent_uniform_tag_bytes_truncated_and_compared,True,True,
20,2026083016,1000000,1,1e-06,1.7652457674537176e-07,5.664911804311444e-06,independent_uniform_tag_bytes_truncated_and_compared,True,True,
20,2026083017,1000000,1,1e-06,1.7652457674537176e-07,5.664911804311444e-06,independent_uniform_tag_bytes_truncated_and_compared,True,True,
20,2026083018,1000000,2,2e-06,5.48472309596056e-07,7.29295638857263e-06,independent_uniform_tag_bytes_truncated_and_compared,True,True,
20,2026083019,1000000,0,0.0,4.235164736271502e-22,3.841444063944942e-06,independent_uniform_tag_bytes_truncated_and_compared,True,True,
20,2026083020,1000000,2,2e-06,5.48472309596056e-07,7.29295638857263e-06,independent_uniform_tag_bytes_truncated_and_compared,True,True,
20,2026083021,1000000,3,3e-06,1.0202712409681223e-06,8.821149774312436e-06,independent_uniform_tag_bytes_truncated_and_compared,True,True,
20,2026083022,1000000,1,1e-06,1.7652457674537176e-07,5.664911804311444e-06,independent_uniform_tag_bytes_truncated_and_compared,True,True,
20,2026083023,1000000,0,0.0,4.235164736271502e-22,3.841444063944942e-06,independent_uniform_tag_bytes_truncated_and_compared,True,True,
20,2026083024,1000000,2,2e-06,5.48472309596056e-07,7.29295638857263e-06,independent_uniform_tag_bytes_truncated_and_compared,True,True,
20,2026083025,1000000,0,0.0,4.235164736271502e-22,3.841444063944942e-06,independent_uniform_tag_bytes_truncated_and_compared,True,True,
20,2026083026,1000000,1,1e-06,1.7652457674537176e-07,5.664911804311444e-06,independent_uniform_tag_bytes_truncated_and_compared,True,True,
20,2026083027,1000000,2,2e-06,5.48472309596056e-07,7.29295638857263e-06,independent_uniform_tag_bytes_truncated_and_compared,True,True,
20,2026083028,1000000,0,0.0,4.235164736271502e-22,3.841444063944942e-06,independent_uniform_tag_bytes_truncated_and_compared,True,True,
20,2026083029,1000000,2,2e-06,5.48472309596056e-07,7.29295638857263e-06,independent_uniform_tag_bytes_truncated_and_compared,True,True,
20,2026083030,1000000,1,1e-06,1.7652457674537176e-07,5.664911804311444e-06,independent_uniform_tag_bytes_truncated_and_compared,True,True,
128,,0,,,,,analytic_upper_bound_only,True,False,2.938735877055719e-39
