configuration,L,q0,q1,qth,threshold_count,honest_acceptance_analytic,honest_false_abort_analytic,honest_acceptance_prism,honest_acceptance_empirical,honest_acceptance_ci_low,honest_acceptance_ci_high,attack_miss_analytic,attack_miss_prism,attack_miss_empirical,attack_miss_ci_low,attack_miss_ci_high,analytic_prism_max_error,monte_carlo_analytic_max_error,honest_states,honest_transitions,attack_states,attack_transitions,honest_model_construction_seconds,honest_model_checking_seconds,attack_model_construction_seconds,attack_model_checking_seconds,peak_memory_bytes,honest_prism_log,attack_prism_log,honest_p_value,attack_p_value,honest_holm_adjusted_p,attack_holm_adjusted_p
L16_q0000_q1020_t005,16,0.0,0.2,0.05,0,1.0,0.0,1.0,1.0,0.9999987195153661,1.0,0.028147497671065596,0.0281474976710656,0.02842333333333333,0.028235890588025454,0.028611983771991978,3.469446951953614e-18,0.00027583566226773576,17,17,153,289,0.018,0.009,0.027,0.033,not_measured,e6_dtmc_L16_q0000_q1020_t005_honest_v6.log,e6_dtmc_L16_q0000_q1020_t005_attack_v6.log,1.0,0.003912726513281448,1.0,0.375621745275019
L16_q0000_q1020_t010,16,0.0,0.2,0.1,1,1.0,0.0,1.0,1.0,0.9999987195153661,1.0,0.14073748835532812,0.140737488355328,0.14093933333333333,0.14054604769378848,0.14133353851621083,1.1102230246251565e-16,0.00020184497800521117,17,17,153,289,0.017,0.009,0.03,0.032,not_measured,e6_dtmc_L16_q0000_q1020_t010_honest_v6.log,e6_dtmc_L16_q0000_q1020_t010_attack_v6.log,1.0,0.31476351708761585,1.0,1.0
L16_q0000_q1020_t015,16,0.0,0.2,0.15,2,1.0,0.0,1.0,1.0,0.9999987195153661,1.0,0.3518437208883203,0.35184372088832,0.3518966666666667,0.3513564543495781,0.35243725827184047,2.7755575615628914e-16,5.2945778346413785e-05,17,17,153,289,0.018,0.01,0.029,0.044,not_measured,e6_dtmc_L16_q0000_q1020_t015_honest_v6.log,e6_dtmc_L16_q0000_q1020_t015_attack_v6.log,1.0,0.8480353721862607,1.0,1.0
L16_q0001_q1020_t005,16,0.01,0.2,0.05,0,0.8514577710948756,0.14854222890512436,0.8514577710948756,0.8517053333333333,0.851302726651504,0.8521070393086126,0.028147497671065596,0.0281474976710656,0.02842333333333333,0.028235890588025454,0.028611983771991978,3.469446951953614e-18,0.00027583566226773576,153,289,153,289,0.026,0.029,0.029,0.028,not_measured,e6_dtmc_L16_q0001_q1020_t005_honest_v6.log,e6_dtmc_L16_q0001_q1020_t005_attack_v6.log,0.22805101778651482,0.003912726513281448,1.0,0.375621745275019
L16_q0001_q1020_t010,16,0.01,0.2,0.1,1,0.9890671078374818,0.010932892162518248,0.9890671078374818,0.989105,0.9889869033825698,0.9892218440345566,0.14073748835532812,0.140737488355328,0.14093933333333333,0.14054604769378848,0.14133353851621083,1.1102230246251565e-16,0.00020184497800521117,153,289,153,289,0.03,0.038,0.029,0.038,not_measured,e6_dtmc_L16_q0001_q1020_t010_honest_v6.log,e6_dtmc_L16_q0001_q1020_t010_attack_v6.log,0.5304031202276973,0.31476351708761585,1.0,1.0
L16_q0001_q1020_t015,16,0.01,0.2,0.15,2,0.9994920575907096,0.0005079424092904183,0.9994920575907096,0.9994856666666667,0.9994593625888042,0.9995106915770873,0.3518437208883203,0.35184372088832,0.3518966666666667,0.3513564543495781,0.35243725827184047,2.7755575615628914e-16,5.2945778346413785e-05,153,289,153,289,0.029,0.044,0.027,0.041,not_measured,e6_dtmc_L16_q0001_q1020_t015_honest_v6.log,e6_dtmc_L16_q0001_q1020_t015_attack_v6.log,0.6173082311052316,0.8480353721862607,1.0,1.0
L16_q0003_q1020_t005,16,0.03,0.2,0.05,0,0.6142536534626857,0.3857463465373143,0.6142536534626857,0.6141716666666667,0.6136206758059771,0.6147223651372266,0.028147497671065596,0.0281474976710656,0.02842333333333333,0.028235890588025454,0.028611983771991978,3.469446951953614e-18,0.00027583566226773576,153,289,153,289,0.027,0.027,0.027,0.026,not_measured,e6_dtmc_L16_q0003_q1020_t005_honest_v6.log,e6_dtmc_L16_q0003_q1020_t005_attack_v6.log,0.7704578633966348,0.003912726513281448,1.0,0.375621745275019
L16_q0003_q1020_t010,16,0.03,0.2,0.1,1,0.9182142242483446,0.08178577575165535,0.9182142242483446,0.9182453333333334,0.9179347536743244,0.9185548418788972,0.14073748835532812,0.140737488355328,0.14093933333333333,0.14054604769378848,0.14133353851621083,1.1102230246251565e-16,0.00020184497800521117,153,289,153,289,0.034,0.039,0.03,0.04,not_measured,e6_dtmc_L16_q0003_q1020_t010_honest_v6.log,e6_dtmc_L16_q0003_q1020_t010_attack_v6.log,0.8454858265365475,0.31476351708761585,1.0,1.0
L16_q0003_q1020_t015,16,0.03,0.2,0.15,2,0.9887205422140902,0.011279457785909774,0.9887205422140902,0.9887443333333333,0.9886243304739638,0.9888630845334855,0.3518437208883203,0.35184372088832,0.3518966666666667,0.3513564543495781,0.35243725827184047,2.7755575615628914e-16,5.2945778346413785e-05,153,289,153,289,0.027,0.04,0.03,0.045,not_measured,e6_dtmc_L16_q0003_q1020_t015_honest_v6.log,e6_dtmc_L16_q0003_q1020_t015_attack_v6.log,0.6999168351282181,0.8480353721862607,1.0,1.0
L16_q0005_q1020_t005,16,0.05,0.2,0.05,0,0.4401266686517657,0.5598733313482342,0.4401266686517657,0.4400886666666667,0.4395270272314942,0.44065045953292264,0.028147497671065596,0.0281474976710656,0.02842333333333333,0.028235890588025454,0.028611983771991978,3.469446951953614e-18,0.00027583566226773576,153,289,153,289,0.029,0.028,0.028,0.029,not_measured,e6_dtmc_L16_q0005_q1020_t005_honest_v6.log,e6_dtmc_L16_q0005_q1020_t005_attack_v6.log,0.8949776663924172,0.003912726513281448,1.0,0.375621745275019
L16_q0005_q1020_t010,16,0.05,0.2,0.1,1,0.8107596527795686,0.18924034722043137,0.8107596527795684,0.810794,0.8103503914969712,0.8112368125691463,0.14073748835532812,0.140737488355328,0.14093933333333333,0.14054604769378848,0.14133353851621083,2.220446049250313e-16,0.00020184497800521117,153,289,153,289,0.029,0.04,0.03,0.033,not_measured,e6_dtmc_L16_q0005_q1020_t010_honest_v6.log,e6_dtmc_L16_q0005_q1020_t010_attack_v6.log,0.8799116994292455,0.31476351708761585,1.0,1.0
L16_q0005_q1020_t015,16,0.05,0.2,0.15,2,0.9570621465142274,0.042937853485772615,0.9570621465142274,0.9569593333333334,0.956729093771815,0.9571884026360425,0.3518437208883203,0.35184372088832,0.3518966666666667,0.3513564543495781,0.35243725827184047,2.7755575615628914e-16,0.00010281318089400138,153,289,153,289,0.028,0.05,0.03,0.042,not_measured,e6_dtmc_L16_q0005_q1020_t015_honest_v6.log,e6_dtmc_L16_q0005_q1020_t015_attack_v6.log,0.37960360662275583,0.8480353721862607,1.0,1.0
L32_q0000_q1020_t005,32,0.0,0.2,0.05,1,1.0,0.0,1.0,1.0,0.9999987195153661,1.0,0.0071305346262838035,0.0071305346262837905,0.007167,0.007072175010362664,0.007263087119804515,1.3010426069826053e-17,3.646537371619629e-05,33,33,561,1089,0.02,0.012,0.039,0.069,not_measured,e6_dtmc_L32_q0000_q1020_t005_honest_v6.log,e6_dtmc_L32_q0000_q1020_t005_attack_v6.log,1.0,0.452436363095995,1.0,1.0
L32_q0000_q1020_t010,32,0.0,0.2,0.1,3,1.0,0.0,1.0,1.0,0.9999987195153661,1.0,0.09309309095426076,0.09309309095426059,0.093191,0.09286256884008451,0.09352047298526239,1.6653345369377348e-16,9.790904573923898e-05,33,33,561,1089,0.019,0.012,0.043,0.116,not_measured,e6_dtmc_L32_q0000_q1020_t010_honest_v6.log,e6_dtmc_L32_q0000_q1020_t010_attack_v6.log,1.0,0.5590993202733927,1.0,1.0
L32_q0000_q1020_t015,32,0.0,0.2,0.15,4,1.0,0.0,1.0,1.0,0.9999987195153661,1.0,0.20438390048601662,0.2043839004860163,0.204601,0.20414488566517028,0.20505787084259056,3.3306690738754696e-16,0.000217099513983382,33,33,561,1089,0.018,0.012,0.043,0.118,not_measured,e6_dtmc_L32_q0000_q1020_t015_honest_v6.log,e6_dtmc_L32_q0000_q1020_t015_attack_v6.log,1.0,0.35093427418235656,1.0,1.0
L32_q0001_q1020_t005,32,0.01,0.2,0.05,1,0.9593174142472609,0.04068258575273909,0.9593174142472609,0.959372,0.9591480057299443,0.9595948178324812,0.0071305346262838035,0.0071305346262837905,0.007167,0.007072175010362664,0.007263087119804515,1.3010426069826053e-17,5.4585752739089166e-05,561,1089,561,1089,0.042,0.075,0.043,0.068,not_measured,e6_dtmc_L32_q0001_q1020_t005_honest_v6.log,e6_dtmc_L32_q0001_q1020_t005_attack_v6.log,0.6338128781181022,0.452436363095995,1.0,1.0
L32_q0001_q1020_t010,32,0.01,0.2,0.1,3,0.9997125263552044,0.00028747364479564386,0.9997125263552044,0.9997076666666667,0.99968767148045,0.9997263821169061,0.09309309095426076,0.09309309095426059,0.093191,0.09286256884008451,0.09352047298526239,1.6653345369377348e-16,9.790904573923898e-05,561,1089,561,1089,0.041,0.126,0.041,0.104,not_measured,e6_dtmc_L32_q0001_q1020_t010_honest_v6.log,e6_dtmc_L32_q0001_q1020_t010_attack_v6.log,0.609464319578978,0.5590993202733927,1.0,1.0
L32_q0001_q1020_t015,32,0.01,0.2,0.15,4,0.9999839234108827,1.607658911728649e-05,0.9999839234108827,0.9999806666666666,0.9999750099327682,0.9999850429654433,0.20438390048601662,0.2043839004860163,0.204601,0.20414488566517028,0.20505787084259056,3.3306690738754696e-16,0.000217099513983382,561,1089,561,1089,0.04,0.153,0.048,0.125,not_measured,e6_dtmc_L32_q0001_q1020_t015_honest_v6.log,e6_dtmc_L32_q0001_q1020_t015_attack_v6.log,0.17035949832315206,0.35093427418235656,1.0,1.0
L32_q0003_q1020_t005,32,0.03,0.2,0.05,1,0.7507253330196462,0.24927466698035383,0.7507253330196457,0.7506116666666667,0.7501217552416589,0.7511009362828981,0.0071305346262838035,0.0071305346262837905,0.007167,0.007072175010362664,0.007263087119804515,4.440892098500626e-16,0.00011366635297949124,561,1089,561,1089,0.045,0.074,0.04,0.067,not_measured,e6_dtmc_L32_q0003_q1020_t005_honest_v6.log,e6_dtmc_L32_q0003_q1020_t005_attack_v6.log,0.6490318041634047,0.452436363095995,1.0,1.0
L32_q0003_q1020_t010,32,0.03,0.2,0.1,3,0.985098668437208,0.014901331562792053,0.985098668437208,0.985078,0.9849401831763054,0.9852145745538443,0.09309309095426076,0.09309309095426059,0.093191,0.09286256884008451,0.09352047298526239,1.6653345369377348e-16,9.790904573923898e-05,561,1089,561,1089,0.041,0.107,0.039,0.098,not_measured,e6_dtmc_L32_q0003_q1020_t010_honest_v6.log,e6_dtmc_L32_q0003_q1020_t010_attack_v6.log,0.7676525152151318,0.5590993202733927,1.0,1.0
L32_q0003_q1020_t015,32,0.03,0.2,0.15,4,0.9975127118952776,0.0024872881047224293,0.9975127118952776,0.9974646666666667,0.9974071207058488,0.9975209386357615,0.20438390048601662,0.2043839004860163,0.204601,0.20414488566517028,0.20505787084259056,3.3306690738754696e-16,0.000217099513983382,561,1089,561,1089,0.043,0.126,0.04,0.121,not_measured,e6_dtmc_L32_q0003_q1020_t015_honest_v6.log,e6_dtmc_L32_q0003_q1020_t015_attack_v6.log,0.0950966810073491,0.35093427418235656,1.0,1.0
L32_q0005_q1020_t005,32,0.05,0.2,0.05,1,0.5199624056517671,0.4800375943482329,0.5199624056517662,0.5202466666666666,0.5196813122938679,0.5208119691883741,0.0071305346262838035,0.0071305346262837905,0.007167,0.007072175010362664,0.007263087119804515,8.881784197001252e-16,0.0002842610148995339,561,1089,561,1089,0.042,0.076,0.039,0.069,not_measured,e6_dtmc_L32_q0005_q1020_t005_honest_v6.log,e6_dtmc_L32_q0005_q1020_t005_attack_v6.log,0.32454172288822225,0.452436363095995,1.0,1.0
L32_q0005_q1020_t010,32,0.05,0.2,0.1,3,0.9261945083563998,0.07380549164360017,0.9261945083563997,0.9263823333333333,0.9260862760636882,0.9266772986509265,0.09309309095426076,0.09309309095426059,0.093191,0.09286256884008451,0.09352047298526239,1.6653345369377348e-16,0.00018782497693348166,561,1089,561,1089,0.04,0.105,0.04,0.1,not_measured,e6_dtmc_L32_q0005_q1020_t010_honest_v6.log,e6_dtmc_L32_q0005_q1020_t010_attack_v6.log,0.21378208094353968,0.5590993202733927,1.0,1.0
L32_q0005_q1020_t015,32,0.05,0.2,0.15,4,0.9796461008175357,0.02035389918246433,0.9796461008175357,0.97985,0.9796903816684946,0.9800083894504023,0.20438390048601662,0.2043839004860163,0.204601,0.20414488566517028,0.20505787084259056,3.3306690738754696e-16,0.000217099513983382,561,1089,561,1089,0.042,0.119,0.041,0.131,not_measured,e6_dtmc_L32_q0005_q1020_t015_honest_v6.log,e6_dtmc_L32_q0005_q1020_t015_attack_v6.log,0.01234015363571569,0.35093427418235656,1.0,1.0
L64_q0000_q1020_t005,64,0.0,0.2,0.05,3,1.0,0.0,1.0,1.0,0.9999987195153661,1.0,0.0004984018777897042,0.0004984018777897025,0.0004986666666666667,0.0004740352261292554,0.0005245773147679916,1.734723475976807e-18,2.647888769624889e-07,65,65,2145,4225,0.02,0.017,0.063,0.25,not_measured,e6_dtmc_L64_q0000_q1020_t005_honest_v6.log,e6_dtmc_L64_q0000_q1020_t005_attack_v6.log,1.0,0.979362009935666,1.0,1.0
L64_q0000_q1020_t010,64,0.0,0.2,0.1,6,1.0,0.0,1.0,1.0,0.9999987195153661,1.0,0.018219940017062095,0.018219940017062033,0.018065,0.0179149039491202,0.018216330271603905,6.245004513516506e-17,0.00015494001706209404,65,65,2145,4225,0.02,0.019,0.067,0.392,not_measured,e6_dtmc_L64_q0000_q1020_t010_honest_v6.log,e6_dtmc_L64_q0000_q1020_t010_attack_v6.log,1.0,0.044947639986898845,1.0,1.0
L64_q0000_q1020_t015,64,0.0,0.2,0.15,9,1.0,0.0,1.0,1.0,0.9999987195153661,1.0,0.1503610563019364,0.15036105630193589,0.15006433333333333,0.14966065316024546,0.1504689096809093,5.273559366969494e-16,0.0002967229686030859,65,65,2145,4225,0.02,0.017,0.067,0.444,not_measured,e6_dtmc_L64_q0000_q1020_t015_honest_v6.log,e6_dtmc_L64_q0000_q1020_t015_attack_v6.log,1.0,0.15054157464999365,1.0,1.0
L64_q0001_q1020_t005,64,0.01,0.2,0.05,3,0.9960564762236865,0.003943523776313462,0.9960564762236865,0.99604,0.9959682941414388,0.9961104355153657,0.0004984018777897042,0.0004984018777897025,0.0004986666666666667,0.0004740352261292554,0.0005245773147679916,1.734723475976807e-18,1.6476223686501257e-05,2145,4225,2145,4225,0.071,0.258,0.067,0.259,not_measured,e6_dtmc_L64_q0001_q1020_t005_honest_v6.log,e6_dtmc_L64_q0001_q1020_t005_attack_v6.log,0.6483911772219211,0.979362009935666,1.0,1.0
L64_q0001_q1020_t010,64,0.01,0.2,0.1,6,0.9999962280431393,3.771956860743053e-06,0.9999962280431393,0.9999983333333333,0.9999960980868837,0.9999992880994174,0.018219940017062095,0.018219940017062033,0.018065,0.0179149039491202,0.018216330271603905,6.245004513516506e-17,0.00015494001706209404,2145,4225,2145,4225,0.062,0.411,0.064,0.379,not_measured,e6_dtmc_L64_q0001_q1020_t010_honest_v6.log,e6_dtmc_L64_q0001_q1020_t010_attack_v6.log,0.07137186458592405,0.044947639986898845,1.0,1.0
L64_q0001_q1020_t015,64,0.01,0.2,0.15,9,0.9999999990740076,9.259923938742531e-10,0.9999999990740076,1.0,0.9999987195153661,1.0,0.1503610563019364,0.15036105630193589,0.15006433333333333,0.14966065316024546,0.1504689096809093,5.273559366969494e-16,0.0002967229686030859,2145,4225,2145,4225,0.066,0.508,0.068,0.451,not_measured,e6_dtmc_L64_q0001_q1020_t015_honest_v6.log,e6_dtmc_L64_q0001_q1020_t015_attack_v6.log,1.0,0.15054157464999365,1.0,1.0
L64_q0003_q1020_t005,64,0.03,0.2,0.05,3,0.8741408863004975,0.12585911369950253,0.8741408863004975,0.874463,0.8740875957365167,0.8748374452752484,0.0004984018777897042,0.0004984018777897025,0.0004986666666666667,0.0004740352261292554,0.0005245773147679916,1.734723475976807e-18,0.0003221136995025242,2145,4225,2145,4225,0.066,0.281,0.061,0.267,not_measured,e6_dtmc_L64_q0003_q1020_t005_honest_v6.log,e6_dtmc_L64_q0003_q1020_t005_attack_v6.log,0.0926758555396066,0.979362009935666,1.0,1.0
L64_q0003_q1020_t010,64,0.03,0.2,0.1,6,0.9969569433843501,0.003043056615649853,0.9969569433843501,0.996974,0.9969112071646807,0.9970355201001785,0.018219940017062095,0.018219940017062033,0.018065,0.0179149039491202,0.018216330271603905,6.245004513516506e-17,0.00015494001706209404,2145,4225,2145,4225,0.06,0.388,0.066,0.391,not_measured,e6_dtmc_L64_q0003_q1020_t010_honest_v6.log,e6_dtmc_L64_q0003_q1020_t010_attack_v6.log,0.596565348657087,0.044947639986898845,1.0,1.0
L64_q0003_q1020_t015,64,0.03,0.2,0.15,9,0.9999797031858544,2.0296814145615016e-05,0.9999797031858544,0.9999793333333333,0.9999735092310487,0.9999838770039109,0.1503610563019364,0.15036105630193589,0.15006433333333333,0.14966065316024546,0.1504689096809093,5.273559366969494e-16,0.0002967229686030859,2145,4225,2145,4225,0.062,0.497,0.067,0.467,not_measured,e6_dtmc_L64_q0003_q1020_t015_honest_v6.log,e6_dtmc_L64_q0003_q1020_t015_attack_v6.log,0.8475484831616982,0.15054157464999365,1.0,1.0
L64_q0005_q1020_t005,64,0.05,0.2,0.05,3,0.601409264851612,0.39859073514838805,0.6014092648516122,0.6011123333333334,0.6005581010908063,0.6016663066302821,0.0004984018777897042,0.0004984018777897025,0.0004986666666666667,0.0004740352261292554,0.0005245773147679916,2.220446049250313e-16,0.000296931518278587,2145,4225,2145,4225,0.072,0.267,0.07,0.257,not_measured,e6_dtmc_L64_q0005_q1020_t005_honest_v6.log,e6_dtmc_L64_q0005_q1020_t005_attack_v6.log,0.2936788318908693,0.979362009935666,1.0,1.0
L64_q0005_q1020_t010,64,0.05,0.2,0.1,6,0.9597031141071782,0.040296885892821765,0.9597031141071782,0.959599,0.9593756040697196,0.9598212189113661,0.018219940017062095,0.018219940017062033,0.018065,0.0179149039491202,0.018216330271603905,6.245004513516506e-17,0.00015494001706209404,2145,4225,2145,4225,0.065,0.364,0.062,0.337,not_measured,e6_dtmc_L64_q0005_q1020_t010_honest_v6.log,e6_dtmc_L64_q0005_q1020_t010_attack_v6.log,0.35890368081331514,0.044947639986898845,1.0,1.0
L64_q0005_q1020_t015,64,0.05,0.2,0.15,9,0.9987632868777572,0.0012367131222428274,0.9987632868777572,0.9987753333333333,0.9987351136754746,0.998814275642892,0.1503610563019364,0.15036105630193589,0.15006433333333333,0.14966065316024546,0.1504689096809093,5.273559366969494e-16,0.0002967229686030859,2145,4225,2145,4225,0.066,0.518,0.065,0.479,not_measured,e6_dtmc_L64_q0005_q1020_t015_honest_v6.log,e6_dtmc_L64_q0005_q1020_t015_attack_v6.log,0.5597683183660895,0.15054157464999365,1.0,1.0
L128_q0000_q1020_t005,128,0.0,0.2,0.05,6,1.0,0.0,1.0,1.0,0.9999987195153661,1.0,6.42267015011298e-07,6.422670150112936e-07,6.666666666666667e-07,1.8282406512345941e-07,2.4309921948187403e-06,4.446922973085077e-21,2.43996516553687e-08,129,129,8385,16641,0.026,0.02,0.139,1.254,not_measured,e6_dtmc_L128_q0000_q1020_t005_honest_v6.log,e6_dtmc_L128_q0000_q1020_t005_attack_v6.log,1.0,0.7194322031953979,1.0,1.0
L128_q0000_q1020_t010,128,0.0,0.2,0.1,12,1.0,0.0,1.0,1.0,0.9999987195153661,1.0,0.0009112228945634864,0.0009112228945634802,0.0009083333333333334,0.0008748775623559862,0.0009430672627308509,6.179952383167375e-18,2.8895612301530144e-06,129,129,8385,16641,0.024,0.021,0.127,1.655,not_measured,e6_dtmc_L128_q0000_q1020_t010_honest_v6.log,e6_dtmc_L128_q0000_q1020_t010_attack_v6.log,1.0,0.8783348208203191,1.0,1.0
L128_q0000_q1020_t015,128,0.0,0.2,0.15,19,1.0,0.0,1.0,1.0,0.9999987195153661,1.0,0.0854400306179233,0.08544003061792274,0.08539666666666666,0.0850809518468529,0.08571344327287546,5.551115123125783e-16,4.3363951256633615e-05,129,129,8385,16641,0.026,0.02,0.118,1.679,not_measured,e6_dtmc_L128_q0000_q1020_t015_honest_v6.log,e6_dtmc_L128_q0000_q1020_t015_attack_v6.log,1.0,0.7891086005218231,1.0,1.0
L128_q0001_q1020_t005,128,0.01,0.2,0.05,6,0.9996704949564403,0.0003295050435596636,0.9996704949564403,0.9996726666666667,0.9996515471590013,0.9996925065279889,6.42267015011298e-07,6.422670150112936e-07,6.666666666666667e-07,1.8282406512345941e-07,2.4309921948187403e-06,4.446922973085077e-21,2.171710226317458e-06,8385,16641,8385,16641,0.13,1.281,0.125,1.516,not_measured,e6_dtmc_L128_q0001_q1020_t005_honest_v6.log,e6_dtmc_L128_q0001_q1020_t005_attack_v6.log,0.8486343498626119,0.7194322031953979,1.0,1.0
L128_q0001_q1020_t010,128,0.01,0.2,0.1,12,0.9999999992736505,7.263495360732009e-10,0.9999999992736505,1.0,0.9999987195153661,1.0,0.0009112228945634864,0.0009112228945634802,0.0009083333333333334,0.0008748775623559862,0.0009430672627308509,6.179952383167375e-18,2.8895612301530144e-06,8385,16641,8385,16641,0.132,1.629,0.135,1.536,not_measured,e6_dtmc_L128_q0001_q1020_t010_honest_v6.log,e6_dtmc_L128_q0001_q1020_t010_attack_v6.log,1.0,0.8783348208203191,1.0,1.0
L128_q0001_q1020_t015,128,0.01,0.2,0.15,19,1.0,0.0,1.0,1.0,0.9999987195153661,1.0,0.0854400306179233,0.08544003061792274,0.08539666666666666,0.0850809518468529,0.08571344327287546,5.551115123125783e-16,4.3363951256633615e-05,8385,16641,8385,16641,0.128,1.875,0.127,1.66,not_measured,e6_dtmc_L128_q0001_q1020_t015_honest_v6.log,e6_dtmc_L128_q0001_q1020_t015_attack_v6.log,1.0,0.7891086005218231,1.0,1.0
L128_q0003_q1020_t005,128,0.03,0.2,0.05,6,0.9084813262165948,0.09151867378340517,0.9084813262165947,0.9086913333333333,0.9083648592947404,0.9090167607259816,6.42267015011298e-07,6.422670150112936e-07,6.666666666666667e-07,1.8282406512345941e-07,2.4309921948187403e-06,1.1102230246251565e-16,0.00021000711673846428,8385,16641,8385,16641,0.124,1.497,0.132,1.212,not_measured,e6_dtmc_L128_q0003_q1020_t005_honest_v6.log,e6_dtmc_L128_q0003_q1020_t005_attack_v6.log,0.2075104988026373,0.7194322031953979,1.0,1.0
L128_q0003_q1020_t010,128,0.03,0.2,0.1,12,0.999864810141436,0.0001351898585639777,0.999864810141436,0.9998636666666667,0.9998497994062855,0.9998762537915596,0.0009112228945634864,0.0009112228945634802,0.0009083333333333334,0.0008748775623559862,0.0009430672627308509,6.179952383167375e-18,2.8895612301530144e-06,8385,16641,8385,16641,0.128,1.586,0.133,1.5,not_measured,e6_dtmc_L128_q0003_q1020_t010_honest_v6.log,e6_dtmc_L128_q0003_q1020_t010_attack_v6.log,0.8619906809106684,0.8783348208203191,1.0,1.0
L128_q0003_q1020_t015,128,0.03,0.2,0.15,19,0.9999999981544248,1.8455752481827403e-09,0.9999999981544248,1.0,0.9999987195153661,1.0,0.0854400306179233,0.08544003061792274,0.08539666666666666,0.0850809518468529,0.08571344327287546,5.551115123125783e-16,4.3363951256633615e-05,8385,16641,8385,16641,0.124,1.851,0.123,1.612,not_measured,e6_dtmc_L128_q0003_q1020_t015_honest_v6.log,e6_dtmc_L128_q0003_q1020_t015_attack_v6.log,1.0,0.7891086005218231,1.0,1.0
L128_q0005_q1020_t005,128,0.05,0.2,0.05,6,0.5407144718389534,0.4592855281610466,0.5407144718389535,0.5407003333333333,0.5401363663153915,0.5412641961189724,6.42267015011298e-07,6.422670150112936e-07,6.666666666666667e-07,1.8282406512345941e-07,2.4309921948187403e-06,1.1102230246251565e-16,1.4138505620042707e-05,8385,16641,8385,16641,0.129,1.268,0.129,1.216,not_measured,e6_dtmc_L128_q0005_q1020_t005_honest_v6.log,e6_dtmc_L128_q0005_q1020_t005_attack_v6.log,0.961191042008148,0.7194322031953979,1.0,1.0
L128_q0005_q1020_t010,128,0.05,0.2,0.1,12,0.9879341448312443,0.01206585516875569,0.9879341448312443,0.987943,0.987818871965921,0.9880658784270516,0.0009112228945634864,0.0009112228945634802,0.0009083333333333334,0.0008748775623559862,0.0009430672627308509,6.179952383167375e-18,8.855168755705911e-06,8385,16641,8385,16641,0.132,1.568,0.12,1.549,not_measured,e6_dtmc_L128_q0005_q1020_t010_honest_v6.log,e6_dtmc_L128_q0005_q1020_t010_attack_v6.log,0.8906438858881203,0.8783348208203191,1.0,1.0
L128_q0005_q1020_t015,128,0.05,0.2,0.15,19,0.9999938966162781,6.103383721867139e-06,0.9999938966162781,0.999995,0.9999917497270774,0.9999969698010935,0.0854400306179233,0.08544003061792274,0.08539666666666666,0.0850809518468529,0.08571344327287546,5.551115123125783e-16,4.3363951256633615e-05,8385,16641,8385,16641,0.127,1.825,0.116,1.589,not_measured,e6_dtmc_L128_q0005_q1020_t015_honest_v6.log,e6_dtmc_L128_q0005_q1020_t015_attack_v6.log,0.5573554989683929,0.7891086005218231,1.0,1.0
