resource_class,mode,n_blocks,lambda_bits,ell_per_sequence,prepared_qubits_configured,transmitted_qubits_configured,local_storage_qubits_configured,protocol_total_measurements,theoretical_compact_decoy_bits,actual_decoy_payload_bytes,actual_decoy_record_bytes,actual_total_wire_bytes,encoding_overhead_ratio_payload_bits_over_compact,actual_header_bytes,actual_tag_bytes,record_count,upper_layer_round_count,KE_internal_round_count,ell_consistent_within_row,full_D_decoy_in_wire_record,tau_dist_covers_full_D_decoy
reference_implementation_actual,basic,1,,4,14,10,4,14,22,441,1176,4290,160.36363636363637,2769,192,6,5,not_measured,True,True,True
reference_implementation_actual,basic,2,,4,20,12,8,20,24,441,1183,4332,147.0,2811,192,6,5,not_measured,True,True,True
reference_implementation_actual,basic,4,,4,32,16,16,32,30,441,1197,4416,117.6,2895,192,6,5,not_measured,True,True,True
reference_implementation_actual,basic,8,,4,56,24,32,56,34,442,1227,4597,104.0,3069,192,6,5,not_measured,True,True,True
reference_implementation_actual,basic,16,,4,104,40,64,104,42,445,1287,4950,84.76190476190476,3411,192,6,5,not_measured,True,True,True
reference_implementation_actual,basic,32,,4,200,72,128,200,48,447,1401,5640,74.5,4083,192,6,5,not_measured,True,True,True
reference_implementation_actual,fair,1,1,4,14,10,4,14,22,441,1226,10118,160.36363636363637,7097,448,14,8,not_measured,True,True,True
reference_implementation_actual,fair,1,2,4,14,10,4,14,22,441,1226,7364,160.36363636363637,5083,320,10,7,not_measured,True,True,True
reference_implementation_actual,fair,2,1,4,20,12,8,20,24,441,1233,15786,147.0,11281,704,22,10,not_measured,True,True,True
reference_implementation_actual,fair,2,2,4,20,12,8,20,24,441,1233,10220,147.0,7195,448,14,8,not_measured,True,True,True
reference_implementation_actual,fair,2,4,4,20,12,8,20,24,441,1233,7438,147.0,5153,320,10,7,not_measured,True,True,True
reference_implementation_actual,fair,4,1,4,32,16,16,32,30,441,1247,27470,117.6,19997,1216,38,14,not_measured,True,True,True
reference_implementation_actual,fair,4,2,4,32,16,16,32,30,441,1247,16102,117.6,11589,704,22,10,not_measured,True,True,True
reference_implementation_actual,fair,4,4,4,32,16,16,32,30,441,1247,10424,117.6,7391,448,14,8,not_measured,True,True,True
reference_implementation_actual,fair,4,8,4,32,16,16,32,30,441,1247,7586,117.6,5293,320,10,7,not_measured,True,True,True
reference_implementation_actual,fair,8,1,4,56,24,32,56,34,442,1277,52283,104.0,38843,2240,70,22,not_measured,True,True,True
reference_implementation_actual,fair,8,2,4,56,24,32,56,34,442,1277,28595,104.0,21099,1216,38,14,not_measured,True,True,True
reference_implementation_actual,fair,8,4,4,56,24,32,56,34,442,1277,16763,104.0,12227,704,22,10,not_measured,True,True,True
reference_implementation_actual,fair,8,8,4,56,24,32,56,34,442,1277,10853,104.0,7797,448,14,8,not_measured,True,True,True
reference_implementation_actual,fair,16,1,4,104,40,64,104,42,445,1337,107356,84.76190476190476,81969,4288,134,38,not_measured,True,True,True
reference_implementation_actual,fair,16,2,4,104,40,64,104,42,445,1337,56316,84.76190476190476,42833,2240,70,22,not_measured,True,True,True
reference_implementation_actual,fair,16,4,4,104,40,64,104,42,445,1337,30804,84.76190476190476,23265,1216,38,14,not_measured,True,True,True
reference_implementation_actual,fair,16,8,4,104,40,64,104,42,445,1337,18060,84.76190476190476,13481,704,22,10,not_measured,True,True,True
reference_implementation_actual,fair,32,1,4,200,72,128,200,48,447,1451,238924,74.5,189647,8384,262,70,not_measured,True,True,True
reference_implementation_actual,fair,32,2,4,200,72,128,200,48,447,1451,122446,74.5,96977,4288,134,38,not_measured,True,True,True
reference_implementation_actual,fair,32,4,4,200,72,128,200,48,447,1451,64238,74.5,50673,2240,70,22,not_measured,True,True,True
reference_implementation_actual,fair,32,8,4,200,72,128,200,48,447,1451,35142,74.5,27521,1216,38,14,not_measured,True,True,True
reference_implementation_actual,basic,1,,155,316,312,4,316,636,3271,4008,7136,41.144654088050316,2781,192,6,5,not_measured,True,True,True
reference_implementation_actual,basic,2,,155,322,314,8,322,648,3272,4016,7179,40.39506172839506,2823,192,6,5,not_measured,True,True,True
reference_implementation_actual,basic,4,,155,334,318,16,334,670,3277,4035,7268,39.12835820895523,2907,192,6,5,not_measured,True,True,True
reference_implementation_actual,basic,8,,155,358,326,32,358,708,3281,4068,7450,37.07344632768361,3081,192,6,5,not_measured,True,True,True
reference_implementation_actual,basic,16,,155,406,342,64,406,768,3292,4136,7811,34.291666666666664,3423,192,6,5,not_measured,True,True,True
reference_implementation_actual,basic,32,,155,502,374,128,502,860,3308,4264,8515,30.772093023255813,4095,192,6,5,not_measured,True,True,True
reference_implementation_actual,fair,1,1,155,316,312,4,316,636,3271,4058,12980,41.144654088050316,7125,448,14,8,not_measured,True,True,True
reference_implementation_actual,fair,1,2,155,316,312,4,316,636,3271,4058,10218,41.144654088050316,5103,320,10,7,not_measured,True,True,True
reference_implementation_actual,fair,2,1,155,322,314,8,322,648,3272,4066,18665,40.39506172839506,11325,704,22,10,not_measured,True,True,True
reference_implementation_actual,fair,2,2,155,322,314,8,322,648,3272,4066,13083,40.39506172839506,7223,448,14,8,not_measured,True,True,True
reference_implementation_actual,fair,2,4,155,322,314,8,322,648,3272,4066,10293,40.39506172839506,5173,320,10,7,not_measured,True,True,True
reference_implementation_actual,fair,4,1,155,334,318,16,334,670,3277,4085,30386,39.12835820895523,20073,1216,38,14,not_measured,True,True,True
reference_implementation_actual,fair,4,2,155,334,318,16,334,670,3277,4085,18986,39.12835820895523,11633,704,22,10,not_measured,True,True,True
reference_implementation_actual,fair,4,4,155,334,318,16,334,670,3277,4085,13292,39.12835820895523,7419,448,14,8,not_measured,True,True,True
reference_implementation_actual,fair,4,8,155,334,318,16,334,670,3277,4085,10446,39.12835820895523,5313,320,10,7,not_measured,True,True,True
reference_implementation_actual,fair,8,1,155,358,326,32,358,708,3281,4118,55264,37.07344632768361,38983,2240,70,22,not_measured,True,True,True
reference_implementation_actual,fair,8,2,155,358,326,32,358,708,3281,4118,31512,37.07344632768361,21175,1216,38,14,not_measured,True,True,True
reference_implementation_actual,fair,8,4,155,358,326,32,358,708,3281,4118,19648,37.07344632768361,12271,704,22,10,not_measured,True,True,True
reference_implementation_actual,fair,8,8,155,358,326,32,358,708,3281,4118,13722,37.07344632768361,7825,448,14,8,not_measured,True,True,True
reference_implementation_actual,fair,16,1,155,406,342,64,406,768,3292,4186,110473,34.291666666666664,82237,4288,134,38,not_measured,True,True,True
reference_implementation_actual,fair,16,2,155,406,342,64,406,768,3292,4186,59305,34.291666666666664,42973,2240,70,22,not_measured,True,True,True
reference_implementation_actual,fair,16,4,155,406,342,64,406,768,3292,4186,33729,34.291666666666664,23341,1216,38,14,not_measured,True,True,True
reference_implementation_actual,fair,16,8,155,406,342,64,406,768,3292,4186,20953,34.291666666666664,13525,704,22,10,not_measured,True,True,True
reference_implementation_actual,fair,32,1,155,502,374,128,502,860,3308,4314,242311,30.772093023255813,190171,8384,262,70,not_measured,True,True,True
reference_implementation_actual,fair,32,2,155,502,374,128,502,860,3308,4314,125577,30.772093023255813,97245,4288,134,38,not_measured,True,True,True
reference_implementation_actual,fair,32,4,155,502,374,128,502,860,3308,4314,67241,30.772093023255813,50813,2240,70,22,not_measured,True,True,True
reference_implementation_actual,fair,32,8,155,502,374,128,502,860,3308,4314,38081,30.772093023255813,27597,1216,38,14,not_measured,True,True,True
