config_id,m_bits,n_qubit_symbols,lambda_bits,chunks,last_chunk_bits,honest,first,variant,engine,precision,process_exit_code,output_error_lines,states,transitions,choices,reachable_current_gap_max,reachable_historical_gap_max,violating_reachable_states,state_export,transition_export,strategy_export,log,release_violation_pmax,release_reached_pmax,completed_pmax,honest_complete_pmax,rejected_pmax,aborted_pmax,waiting_pmax,terminated_pmin,unexpected_terminal_pmax,retransmit_pmax
grid_m8_l1_h0_f0_v0,8,4,1,8,1,Alice,Alice,0,explicit,double explicit; termination epsilon=1e-12,0,0,3096,11230,11230,1,1,0,results/raw/prism_release_v7/20260905T200413_CST/states/grid_m8_l1_h0_f0_v0.sta,not requested,not requested,results/raw/prism_release_v7/20260905T200413_CST/logs/grid_m8_l1_h0_f0_v0.log,0.0,1.0,1.0,1.0,1.0,1.0,1.0,0.0,0.0,1.0
grid_m8_l1_h0_f1_v0,8,4,1,8,1,Alice,Bob,0,explicit,double explicit; termination epsilon=1e-12,0,0,2952,10619,10619,1,1,0,results/raw/prism_release_v7/20260905T200413_CST/states/grid_m8_l1_h0_f1_v0.sta,not requested,not requested,results/raw/prism_release_v7/20260905T200413_CST/logs/grid_m8_l1_h0_f1_v0.log,0.0,1.0,1.0,1.0,1.0,1.0,1.0,0.0,0.0,1.0
grid_m8_l1_h1_f0_v0,8,4,1,8,1,Bob,Alice,0,explicit,double explicit; termination epsilon=1e-12,0,0,2955,10625,10625,1,1,0,results/raw/prism_release_v7/20260905T200413_CST/states/grid_m8_l1_h1_f0_v0.sta,not requested,not requested,results/raw/prism_release_v7/20260905T200413_CST/logs/grid_m8_l1_h1_f0_v0.log,0.0,1.0,1.0,1.0,1.0,1.0,1.0,0.0,0.0,1.0
grid_m8_l1_h1_f1_v0,8,4,1,8,1,Bob,Bob,0,explicit,double explicit; termination epsilon=1e-12,0,0,3099,11236,11236,1,1,0,results/raw/prism_release_v7/20260905T200413_CST/states/grid_m8_l1_h1_f1_v0.sta,not requested,not requested,results/raw/prism_release_v7/20260905T200413_CST/logs/grid_m8_l1_h1_f1_v0.log,0.0,1.0,1.0,1.0,1.0,1.0,1.0,0.0,0.0,1.0
grid_m8_l2_h0_f0_v0,8,4,2,4,2,Alice,Alice,0,explicit,double explicit; termination epsilon=1e-12,0,0,750,2280,2280,2,2,0,results/raw/prism_release_v7/20260905T200413_CST/states/grid_m8_l2_h0_f0_v0.sta,not requested,not requested,results/raw/prism_release_v7/20260905T200413_CST/logs/grid_m8_l2_h0_f0_v0.log,0.0,1.0,1.0,1.0,1.0,1.0,1.0,0.0,0.0,1.0
grid_m8_l2_h0_f1_v0,8,4,2,4,2,Alice,Bob,0,explicit,double explicit; termination epsilon=1e-12,0,0,686,2027,2027,2,2,0,results/raw/prism_release_v7/20260905T200413_CST/states/grid_m8_l2_h0_f1_v0.sta,not requested,not requested,results/raw/prism_release_v7/20260905T200413_CST/logs/grid_m8_l2_h0_f1_v0.log,0.0,1.0,1.0,1.0,1.0,1.0,1.0,0.0,0.0,1.0
grid_m8_l2_h1_f0_v0,8,4,2,4,2,Bob,Alice,0,explicit,double explicit; termination epsilon=1e-12,0,0,689,2033,2033,2,2,0,results/raw/prism_release_v7/20260905T200413_CST/states/grid_m8_l2_h1_f0_v0.sta,not requested,not requested,results/raw/prism_release_v7/20260905T200413_CST/logs/grid_m8_l2_h1_f0_v0.log,0.0,1.0,1.0,1.0,1.0,1.0,1.0,0.0,0.0,1.0
grid_m8_l2_h1_f1_v0,8,4,2,4,2,Bob,Bob,0,explicit,double explicit; termination epsilon=1e-12,0,0,753,2286,2286,2,2,0,results/raw/prism_release_v7/20260905T200413_CST/states/grid_m8_l2_h1_f1_v0.sta,not requested,not requested,results/raw/prism_release_v7/20260905T200413_CST/logs/grid_m8_l2_h1_f1_v0.log,0.0,1.0,1.0,1.0,1.0,1.0,1.0,0.0,0.0,1.0
grid_m8_l4_h0_f0_v0,8,4,4,2,4,Alice,Alice,0,explicit,double explicit; termination epsilon=1e-12,0,0,271,664,664,4,4,0,results/raw/prism_release_v7/20260905T200413_CST/states/grid_m8_l4_h0_f0_v0.sta,not requested,not requested,results/raw/prism_release_v7/20260905T200413_CST/logs/grid_m8_l4_h0_f0_v0.log,0.0,1.0,1.0,1.0,1.0,1.0,1.0,0.0,0.0,1.0
grid_m8_l4_h0_f1_v0,8,4,4,2,4,Alice,Bob,0,explicit,double explicit; termination epsilon=1e-12,0,0,247,590,590,4,4,0,results/raw/prism_release_v7/20260905T200413_CST/states/grid_m8_l4_h0_f1_v0.sta,not requested,not requested,results/raw/prism_release_v7/20260905T200413_CST/logs/grid_m8_l4_h0_f1_v0.log,0.0,1.0,1.0,1.0,1.0,1.0,1.0,0.0,0.0,1.0
grid_m8_l4_h1_f0_v0,8,4,4,2,4,Bob,Alice,0,explicit,double explicit; termination epsilon=1e-12,0,0,250,596,596,4,4,0,results/raw/prism_release_v7/20260905T200413_CST/states/grid_m8_l4_h1_f0_v0.sta,not requested,not requested,results/raw/prism_release_v7/20260905T200413_CST/logs/grid_m8_l4_h1_f0_v0.log,0.0,1.0,1.0,1.0,1.0,1.0,1.0,0.0,0.0,1.0
grid_m8_l4_h1_f1_v0,8,4,4,2,4,Bob,Bob,0,explicit,double explicit; termination epsilon=1e-12,0,0,274,670,670,4,4,0,results/raw/prism_release_v7/20260905T200413_CST/states/grid_m8_l4_h1_f1_v0.sta,not requested,not requested,results/raw/prism_release_v7/20260905T200413_CST/logs/grid_m8_l4_h1_f1_v0.log,0.0,1.0,1.0,1.0,1.0,1.0,1.0,0.0,0.0,1.0
grid_m8_l8_h0_f0_v0,8,4,8,1,8,Alice,Alice,0,explicit,double explicit; termination epsilon=1e-12,0,0,160,350,350,8,8,0,results/raw/prism_release_v7/20260905T200413_CST/states/grid_m8_l8_h0_f0_v0.sta,not requested,not requested,results/raw/prism_release_v7/20260905T200413_CST/logs/grid_m8_l8_h0_f0_v0.log,0.0,1.0,1.0,1.0,1.0,1.0,1.0,0.0,0.0,1.0
grid_m8_l8_h0_f1_v0,8,4,8,1,8,Alice,Bob,0,explicit,double explicit; termination epsilon=1e-12,0,0,98,206,206,0,0,0,results/raw/prism_release_v7/20260905T200413_CST/states/grid_m8_l8_h0_f1_v0.sta,not requested,not requested,results/raw/prism_release_v7/20260905T200413_CST/logs/grid_m8_l8_h0_f1_v0.log,0.0,1.0,1.0,1.0,1.0,1.0,1.0,0.0,0.0,1.0
grid_m8_l8_h1_f0_v0,8,4,8,1,8,Bob,Alice,0,explicit,double explicit; termination epsilon=1e-12,0,0,101,212,212,0,0,0,results/raw/prism_release_v7/20260905T200413_CST/states/grid_m8_l8_h1_f0_v0.sta,not requested,not requested,results/raw/prism_release_v7/20260905T200413_CST/logs/grid_m8_l8_h1_f0_v0.log,0.0,1.0,1.0,1.0,1.0,1.0,1.0,0.0,0.0,1.0
grid_m8_l8_h1_f1_v0,8,4,8,1,8,Bob,Bob,0,explicit,double explicit; termination epsilon=1e-12,0,0,163,356,356,8,8,0,results/raw/prism_release_v7/20260905T200413_CST/states/grid_m8_l8_h1_f1_v0.sta,not requested,not requested,results/raw/prism_release_v7/20260905T200413_CST/logs/grid_m8_l8_h1_f1_v0.log,0.0,1.0,1.0,1.0,1.0,1.0,1.0,0.0,0.0,1.0
grid_m16_l1_h0_f0_v0,16,8,1,16,1,Alice,Alice,0,explicit,double explicit; termination epsilon=1e-12,0,0,16924,68130,68130,1,1,0,results/raw/prism_release_v7/20260905T200413_CST/states/grid_m16_l1_h0_f0_v0.sta,not requested,not requested,results/raw/prism_release_v7/20260905T200413_CST/logs/grid_m16_l1_h0_f0_v0.log,0.0,1.0,1.0,1.0,1.0,1.0,1.0,0.0,0.0,1.0
grid_m16_l1_h0_f1_v0,16,8,1,16,1,Alice,Bob,0,explicit,double explicit; termination epsilon=1e-12,0,0,16620,66803,66803,1,1,0,results/raw/prism_release_v7/20260905T200413_CST/states/grid_m16_l1_h0_f1_v0.sta,not requested,not requested,results/raw/prism_release_v7/20260905T200413_CST/logs/grid_m16_l1_h0_f1_v0.log,0.0,1.0,1.0,1.0,1.0,1.0,1.0,0.0,0.0,1.0
grid_m16_l1_h1_f0_v0,16,8,1,16,1,Bob,Alice,0,explicit,double explicit; termination epsilon=1e-12,0,0,16623,66809,66809,1,1,0,results/raw/prism_release_v7/20260905T200413_CST/states/grid_m16_l1_h1_f0_v0.sta,not requested,not requested,results/raw/prism_release_v7/20260905T200413_CST/logs/grid_m16_l1_h1_f0_v0.log,0.0,1.0,1.0,1.0,1.0,1.0,1.0,0.0,0.0,1.0
grid_m16_l1_h1_f1_v0,16,8,1,16,1,Bob,Bob,0,explicit,double explicit; termination epsilon=1e-12,0,0,16927,68136,68136,1,1,0,results/raw/prism_release_v7/20260905T200413_CST/states/grid_m16_l1_h1_f1_v0.sta,not requested,not requested,results/raw/prism_release_v7/20260905T200413_CST/logs/grid_m16_l1_h1_f1_v0.log,0.0,1.0,1.0,1.0,1.0,1.0,1.0,0.0,0.0,1.0
grid_m16_l2_h0_f0_v0,16,8,2,8,2,Alice,Alice,0,explicit,double explicit; termination epsilon=1e-12,0,0,3096,11230,11230,2,2,0,results/raw/prism_release_v7/20260905T200413_CST/states/grid_m16_l2_h0_f0_v0.sta,not requested,not requested,results/raw/prism_release_v7/20260905T200413_CST/logs/grid_m16_l2_h0_f0_v0.log,0.0,1.0,1.0,1.0,1.0,1.0,1.0,0.0,0.0,1.0
grid_m16_l2_h0_f1_v0,16,8,2,8,2,Alice,Bob,0,explicit,double explicit; termination epsilon=1e-12,0,0,2952,10619,10619,2,2,0,results/raw/prism_release_v7/20260905T200413_CST/states/grid_m16_l2_h0_f1_v0.sta,not requested,not requested,results/raw/prism_release_v7/20260905T200413_CST/logs/grid_m16_l2_h0_f1_v0.log,0.0,1.0,1.0,1.0,1.0,1.0,1.0,0.0,0.0,1.0
grid_m16_l2_h1_f0_v0,16,8,2,8,2,Bob,Alice,0,explicit,double explicit; termination epsilon=1e-12,0,0,2955,10625,10625,2,2,0,results/raw/prism_release_v7/20260905T200413_CST/states/grid_m16_l2_h1_f0_v0.sta,not requested,not requested,results/raw/prism_release_v7/20260905T200413_CST/logs/grid_m16_l2_h1_f0_v0.log,0.0,1.0,1.0,1.0,1.0,1.0,1.0,0.0,0.0,1.0
grid_m16_l2_h1_f1_v0,16,8,2,8,2,Bob,Bob,0,explicit,double explicit; termination epsilon=1e-12,0,0,3099,11236,11236,2,2,0,results/raw/prism_release_v7/20260905T200413_CST/states/grid_m16_l2_h1_f1_v0.sta,not requested,not requested,results/raw/prism_release_v7/20260905T200413_CST/logs/grid_m16_l2_h1_f1_v0.log,0.0,1.0,1.0,1.0,1.0,1.0,1.0,0.0,0.0,1.0
grid_m16_l4_h0_f0_v0,16,8,4,4,4,Alice,Alice,0,explicit,double explicit; termination epsilon=1e-12,0,0,750,2280,2280,4,4,0,results/raw/prism_release_v7/20260905T200413_CST/states/grid_m16_l4_h0_f0_v0.sta,not requested,not requested,results/raw/prism_release_v7/20260905T200413_CST/logs/grid_m16_l4_h0_f0_v0.log,0.0,1.0,1.0,1.0,1.0,1.0,1.0,0.0,0.0,1.0
grid_m16_l4_h0_f1_v0,16,8,4,4,4,Alice,Bob,0,explicit,double explicit; termination epsilon=1e-12,0,0,686,2027,2027,4,4,0,results/raw/prism_release_v7/20260905T200413_CST/states/grid_m16_l4_h0_f1_v0.sta,not requested,not requested,results/raw/prism_release_v7/20260905T200413_CST/logs/grid_m16_l4_h0_f1_v0.log,0.0,1.0,1.0,1.0,1.0,1.0,1.0,0.0,0.0,1.0
grid_m16_l4_h1_f0_v0,16,8,4,4,4,Bob,Alice,0,explicit,double explicit; termination epsilon=1e-12,0,0,689,2033,2033,4,4,0,results/raw/prism_release_v7/20260905T200413_CST/states/grid_m16_l4_h1_f0_v0.sta,not requested,not requested,results/raw/prism_release_v7/20260905T200413_CST/logs/grid_m16_l4_h1_f0_v0.log,0.0,1.0,1.0,1.0,1.0,1.0,1.0,0.0,0.0,1.0
grid_m16_l4_h1_f1_v0,16,8,4,4,4,Bob,Bob,0,explicit,double explicit; termination epsilon=1e-12,0,0,753,2286,2286,4,4,0,results/raw/prism_release_v7/20260905T200413_CST/states/grid_m16_l4_h1_f1_v0.sta,not requested,not requested,results/raw/prism_release_v7/20260905T200413_CST/logs/grid_m16_l4_h1_f1_v0.log,0.0,1.0,1.0,1.0,1.0,1.0,1.0,0.0,0.0,1.0
grid_m16_l8_h0_f0_v0,16,8,8,2,8,Alice,Alice,0,explicit,double explicit; termination epsilon=1e-12,0,0,271,664,664,8,8,0,results/raw/prism_release_v7/20260905T200413_CST/states/grid_m16_l8_h0_f0_v0.sta,not requested,not requested,results/raw/prism_release_v7/20260905T200413_CST/logs/grid_m16_l8_h0_f0_v0.log,0.0,1.0,1.0,1.0,1.0,1.0,1.0,0.0,0.0,1.0
grid_m16_l8_h0_f1_v0,16,8,8,2,8,Alice,Bob,0,explicit,double explicit; termination epsilon=1e-12,0,0,247,590,590,8,8,0,results/raw/prism_release_v7/20260905T200413_CST/states/grid_m16_l8_h0_f1_v0.sta,not requested,not requested,results/raw/prism_release_v7/20260905T200413_CST/logs/grid_m16_l8_h0_f1_v0.log,0.0,1.0,1.0,1.0,1.0,1.0,1.0,0.0,0.0,1.0
grid_m16_l8_h1_f0_v0,16,8,8,2,8,Bob,Alice,0,explicit,double explicit; termination epsilon=1e-12,0,0,250,596,596,8,8,0,results/raw/prism_release_v7/20260905T200413_CST/states/grid_m16_l8_h1_f0_v0.sta,not requested,not requested,results/raw/prism_release_v7/20260905T200413_CST/logs/grid_m16_l8_h1_f0_v0.log,0.0,1.0,1.0,1.0,1.0,1.0,1.0,0.0,0.0,1.0
grid_m16_l8_h1_f1_v0,16,8,8,2,8,Bob,Bob,0,explicit,double explicit; termination epsilon=1e-12,0,0,274,670,670,8,8,0,results/raw/prism_release_v7/20260905T200413_CST/states/grid_m16_l8_h1_f1_v0.sta,not requested,not requested,results/raw/prism_release_v7/20260905T200413_CST/logs/grid_m16_l8_h1_f1_v0.log,0.0,1.0,1.0,1.0,1.0,1.0,1.0,0.0,0.0,1.0
grid_m32_l1_h0_f0_v0,32,16,1,32,1,Alice,Alice,0,explicit,double explicit; termination epsilon=1e-12,0,0,109796,466954,466954,1,1,0,results/raw/prism_release_v7/20260905T200413_CST/states/grid_m32_l1_h0_f0_v0.sta,not requested,not requested,results/raw/prism_release_v7/20260905T200413_CST/logs/grid_m32_l1_h0_f0_v0.log,0.0,1.0,1.0,1.0,1.0,1.0,1.0,0.0,0.0,1.0
grid_m32_l1_h0_f1_v0,32,16,1,32,1,Alice,Bob,0,explicit,double explicit; termination epsilon=1e-12,0,0,109172,464195,464195,1,1,0,results/raw/prism_release_v7/20260905T200413_CST/states/grid_m32_l1_h0_f1_v0.sta,not requested,not requested,results/raw/prism_release_v7/20260905T200413_CST/logs/grid_m32_l1_h0_f1_v0.log,0.0,1.0,1.0,1.0,1.0,1.0,1.0,0.0,0.0,1.0
grid_m32_l1_h1_f0_v0,32,16,1,32,1,Bob,Alice,0,explicit,double explicit; termination epsilon=1e-12,0,0,109175,464201,464201,1,1,0,results/raw/prism_release_v7/20260905T200413_CST/states/grid_m32_l1_h1_f0_v0.sta,not requested,not requested,results/raw/prism_release_v7/20260905T200413_CST/logs/grid_m32_l1_h1_f0_v0.log,0.0,1.0,1.0,1.0,1.0,1.0,1.0,0.0,0.0,1.0
grid_m32_l1_h1_f1_v0,32,16,1,32,1,Bob,Bob,0,explicit,double explicit; termination epsilon=1e-12,0,0,109799,466960,466960,1,1,0,results/raw/prism_release_v7/20260905T200413_CST/states/grid_m32_l1_h1_f1_v0.sta,not requested,not requested,results/raw/prism_release_v7/20260905T200413_CST/logs/grid_m32_l1_h1_f1_v0.log,0.0,1.0,1.0,1.0,1.0,1.0,1.0,0.0,0.0,1.0
grid_m32_l2_h0_f0_v0,32,16,2,16,2,Alice,Alice,0,explicit,double explicit; termination epsilon=1e-12,0,0,16924,68130,68130,2,2,0,results/raw/prism_release_v7/20260905T200413_CST/states/grid_m32_l2_h0_f0_v0.sta,not requested,not requested,results/raw/prism_release_v7/20260905T200413_CST/logs/grid_m32_l2_h0_f0_v0.log,0.0,1.0,1.0,1.0,1.0,1.0,1.0,0.0,0.0,1.0
grid_m32_l2_h0_f1_v0,32,16,2,16,2,Alice,Bob,0,explicit,double explicit; termination epsilon=1e-12,0,0,16620,66803,66803,2,2,0,results/raw/prism_release_v7/20260905T200413_CST/states/grid_m32_l2_h0_f1_v0.sta,not requested,not requested,results/raw/prism_release_v7/20260905T200413_CST/logs/grid_m32_l2_h0_f1_v0.log,0.0,1.0,1.0,1.0,1.0,1.0,1.0,0.0,0.0,1.0
grid_m32_l2_h1_f0_v0,32,16,2,16,2,Bob,Alice,0,explicit,double explicit; termination epsilon=1e-12,0,0,16623,66809,66809,2,2,0,results/raw/prism_release_v7/20260905T200413_CST/states/grid_m32_l2_h1_f0_v0.sta,not requested,not requested,results/raw/prism_release_v7/20260905T200413_CST/logs/grid_m32_l2_h1_f0_v0.log,0.0,1.0,1.0,1.0,1.0,1.0,1.0,0.0,0.0,1.0
grid_m32_l2_h1_f1_v0,32,16,2,16,2,Bob,Bob,0,explicit,double explicit; termination epsilon=1e-12,0,0,16927,68136,68136,2,2,0,results/raw/prism_release_v7/20260905T200413_CST/states/grid_m32_l2_h1_f1_v0.sta,not requested,not requested,results/raw/prism_release_v7/20260905T200413_CST/logs/grid_m32_l2_h1_f1_v0.log,0.0,1.0,1.0,1.0,1.0,1.0,1.0,0.0,0.0,1.0
grid_m32_l4_h0_f0_v0,32,16,4,8,4,Alice,Alice,0,explicit,double explicit; termination epsilon=1e-12,0,0,3096,11230,11230,4,4,0,results/raw/prism_release_v7/20260905T200413_CST/states/grid_m32_l4_h0_f0_v0.sta,not requested,not requested,results/raw/prism_release_v7/20260905T200413_CST/logs/grid_m32_l4_h0_f0_v0.log,0.0,1.0,1.0,1.0,1.0,1.0,1.0,0.0,0.0,1.0
grid_m32_l4_h0_f1_v0,32,16,4,8,4,Alice,Bob,0,explicit,double explicit; termination epsilon=1e-12,0,0,2952,10619,10619,4,4,0,results/raw/prism_release_v7/20260905T200413_CST/states/grid_m32_l4_h0_f1_v0.sta,not requested,not requested,results/raw/prism_release_v7/20260905T200413_CST/logs/grid_m32_l4_h0_f1_v0.log,0.0,1.0,1.0,1.0,1.0,1.0,1.0,0.0,0.0,1.0
grid_m32_l4_h1_f0_v0,32,16,4,8,4,Bob,Alice,0,explicit,double explicit; termination epsilon=1e-12,0,0,2955,10625,10625,4,4,0,results/raw/prism_release_v7/20260905T200413_CST/states/grid_m32_l4_h1_f0_v0.sta,not requested,not requested,results/raw/prism_release_v7/20260905T200413_CST/logs/grid_m32_l4_h1_f0_v0.log,0.0,1.0,1.0,1.0,1.0,1.0,1.0,0.0,0.0,1.0
grid_m32_l4_h1_f1_v0,32,16,4,8,4,Bob,Bob,0,explicit,double explicit; termination epsilon=1e-12,0,0,3099,11236,11236,4,4,0,results/raw/prism_release_v7/20260905T200413_CST/states/grid_m32_l4_h1_f1_v0.sta,not requested,not requested,results/raw/prism_release_v7/20260905T200413_CST/logs/grid_m32_l4_h1_f1_v0.log,0.0,1.0,1.0,1.0,1.0,1.0,1.0,0.0,0.0,1.0
grid_m32_l8_h0_f0_v0,32,16,8,4,8,Alice,Alice,0,explicit,double explicit; termination epsilon=1e-12,0,0,750,2280,2280,8,8,0,results/raw/prism_release_v7/20260905T200413_CST/states/grid_m32_l8_h0_f0_v0.sta,not requested,not requested,results/raw/prism_release_v7/20260905T200413_CST/logs/grid_m32_l8_h0_f0_v0.log,0.0,1.0,1.0,1.0,1.0,1.0,1.0,0.0,0.0,1.0
grid_m32_l8_h0_f1_v0,32,16,8,4,8,Alice,Bob,0,explicit,double explicit; termination epsilon=1e-12,0,0,686,2027,2027,8,8,0,results/raw/prism_release_v7/20260905T200413_CST/states/grid_m32_l8_h0_f1_v0.sta,not requested,not requested,results/raw/prism_release_v7/20260905T200413_CST/logs/grid_m32_l8_h0_f1_v0.log,0.0,1.0,1.0,1.0,1.0,1.0,1.0,0.0,0.0,1.0
grid_m32_l8_h1_f0_v0,32,16,8,4,8,Bob,Alice,0,explicit,double explicit; termination epsilon=1e-12,0,0,689,2033,2033,8,8,0,results/raw/prism_release_v7/20260905T200413_CST/states/grid_m32_l8_h1_f0_v0.sta,not requested,not requested,results/raw/prism_release_v7/20260905T200413_CST/logs/grid_m32_l8_h1_f0_v0.log,0.0,1.0,1.0,1.0,1.0,1.0,1.0,0.0,0.0,1.0
grid_m32_l8_h1_f1_v0,32,16,8,4,8,Bob,Bob,0,explicit,double explicit; termination epsilon=1e-12,0,0,753,2286,2286,8,8,0,results/raw/prism_release_v7/20260905T200413_CST/states/grid_m32_l8_h1_f1_v0.sta,not requested,not requested,results/raw/prism_release_v7/20260905T200413_CST/logs/grid_m32_l8_h1_f1_v0.log,0.0,1.0,1.0,1.0,1.0,1.0,1.0,0.0,0.0,1.0
grid_m6_l4_h0_f0_v0,6,3,4,2,2,Alice,Alice,0,explicit,double explicit; termination epsilon=1e-12,0,0,299,716,716,4,4,0,results/raw/prism_release_v7/20260905T200413_CST/states/grid_m6_l4_h0_f0_v0.sta,results/raw/prism_release_v7/20260905T200413_CST/traces/grid_m6_l4_h0_f0_v0.tra,not requested,results/raw/prism_release_v7/20260905T200413_CST/logs/grid_m6_l4_h0_f0_v0.log,0.0,1.0,1.0,1.0,1.0,1.0,1.0,0.0,0.0,1.0
grid_m6_l4_h0_f1_v0,6,3,4,2,2,Alice,Bob,0,explicit,double explicit; termination epsilon=1e-12,0,0,283,665,665,2,2,0,results/raw/prism_release_v7/20260905T200413_CST/states/grid_m6_l4_h0_f1_v0.sta,not requested,not requested,results/raw/prism_release_v7/20260905T200413_CST/logs/grid_m6_l4_h0_f1_v0.log,0.0,1.0,1.0,1.0,1.0,1.0,1.0,0.0,0.0,1.0
grid_m6_l4_h1_f0_v0,6,3,4,2,2,Bob,Alice,0,explicit,double explicit; termination epsilon=1e-12,0,0,286,671,671,2,2,0,results/raw/prism_release_v7/20260905T200413_CST/states/grid_m6_l4_h1_f0_v0.sta,not requested,not requested,results/raw/prism_release_v7/20260905T200413_CST/logs/grid_m6_l4_h1_f0_v0.log,0.0,1.0,1.0,1.0,1.0,1.0,1.0,0.0,0.0,1.0
grid_m6_l4_h1_f1_v0,6,3,4,2,2,Bob,Bob,0,explicit,double explicit; termination epsilon=1e-12,0,0,302,722,722,4,4,0,results/raw/prism_release_v7/20260905T200413_CST/states/grid_m6_l4_h1_f1_v0.sta,not requested,not requested,results/raw/prism_release_v7/20260905T200413_CST/logs/grid_m6_l4_h1_f1_v0.log,0.0,1.0,1.0,1.0,1.0,1.0,1.0,0.0,0.0,1.0
