configuration,L,q0,q1,q_threshold,threshold_count,accept_rule,seeds,trials_per_seed,total_trials_per_role,honest_accepted,honest_acceptance_empirical,honest_acceptance_wilson_low,honest_acceptance_wilson_high,honest_zero_abort_upper_95,honest_acceptance_analytic,honest_acceptance_prism,attack_accepted,attack_miss_empirical,attack_miss_wilson_low,attack_miss_wilson_high,attack_zero_accept_upper_95,attack_miss_analytic,attack_miss_prism,analytic_prism_max_abs_error,empirical_analytic_max_abs_error,honest_states,honest_transitions,attack_states,attack_transitions,honest_prism_log,attack_prism_log
L16_q00_q10.2_qth0.05,16,0.0,0.2,0.05,0,errors<=floor(L*q_threshold),10,100000,1000000,1000000,1.0,0.9999961585559362,1.0,2.9957277863923437e-06,1.0,1.0,27689,0.027689,0.027369218530022884,0.028012410182551687,,0.028147497671065624,0.028147497671065613,1.0408340855860843e-17,0.00045849767106562536,17,17,153,289,reports/logs/experiment_release_v7_20260905T203845_CST/e_detection_L16_q00_q10.2_qth0.05_honest.log,reports/logs/experiment_release_v7_20260905T203845_CST/e_detection_L16_q00_q10.2_qth0.05_attack.log
L16_q00_q10.2_qth0.1,16,0.0,0.2,0.1,1,errors<=floor(L*q_threshold),10,100000,1000000,1000000,1.0,0.9999961585559362,1.0,2.9957277863923437e-06,1.0,1.0,140022,0.140022,0.1393432559176754,0.14070350975302717,,0.14073748835532812,0.140737488355328,1.1102230246251565e-16,0.0007154883553281144,17,17,153,289,reports/logs/experiment_release_v7_20260905T203845_CST/e_detection_L16_q00_q10.2_qth0.1_honest.log,reports/logs/experiment_release_v7_20260905T203845_CST/e_detection_L16_q00_q10.2_qth0.1_attack.log
L16_q00_q10.2_qth0.15,16,0.0,0.2,0.15,2,errors<=floor(L*q_threshold),10,100000,1000000,1000000,1.0,0.9999961585559362,1.0,2.9957277863923437e-06,1.0,1.0,351378,0.351378,0.3504428842185773,0.35231425762762214,,0.35184372088832033,0.35184372088832,3.3306690738754696e-16,0.000465720888320309,17,17,153,289,reports/logs/experiment_release_v7_20260905T203845_CST/e_detection_L16_q00_q10.2_qth0.15_honest.log,reports/logs/experiment_release_v7_20260905T203845_CST/e_detection_L16_q00_q10.2_qth0.15_attack.log
L16_q00.01_q10.2_qth0.05,16,0.01,0.2,0.05,0,errors<=floor(L*q_threshold),10,100000,1000000,851750,0.85175,0.851052180243997,0.8524451173001042,,0.8514577710948755,0.8514577710948756,27689,0.027689,0.027369218530022884,0.028012410182551687,,0.028147497671065624,0.028147497671065613,1.1102230246251565e-16,0.00045849767106562536,153,289,153,289,reports/logs/experiment_release_v7_20260905T203845_CST/e_detection_L16_q00.01_q10.2_qth0.05_honest.log,reports/logs/experiment_release_v7_20260905T203845_CST/e_detection_L16_q00.01_q10.2_qth0.05_attack.log
L16_q00.01_q10.2_qth0.1,16,0.01,0.2,0.1,1,errors<=floor(L*q_threshold),10,100000,1000000,988941,0.988941,0.9887341431191994,0.9891441004017965,,0.9890671078374816,0.9890671078374818,140022,0.140022,0.1393432559176754,0.14070350975302717,,0.14073748835532812,0.140737488355328,1.1102230246251565e-16,0.0007154883553281144,153,289,153,289,reports/logs/experiment_release_v7_20260905T203845_CST/e_detection_L16_q00.01_q10.2_qth0.1_honest.log,reports/logs/experiment_release_v7_20260905T203845_CST/e_detection_L16_q00.01_q10.2_qth0.1_attack.log
L16_q00.01_q10.2_qth0.15,16,0.01,0.2,0.15,2,errors<=floor(L*q_threshold),10,100000,1000000,999463,0.999463,0.9994156343501422,0.9995065283315049,,0.9994920575907094,0.9994920575907096,351378,0.351378,0.3504428842185773,0.35231425762762214,,0.35184372088832033,0.35184372088832,3.3306690738754696e-16,0.000465720888320309,153,289,153,289,reports/logs/experiment_release_v7_20260905T203845_CST/e_detection_L16_q00.01_q10.2_qth0.15_honest.log,reports/logs/experiment_release_v7_20260905T203845_CST/e_detection_L16_q00.01_q10.2_qth0.15_attack.log
L16_q00.03_q10.2_qth0.05,16,0.03,0.2,0.05,0,errors<=floor(L*q_threshold),10,100000,1000000,613798,0.613798,0.6128433015848015,0.6147518241178952,,0.6142536534626855,0.6142536534626857,27689,0.027689,0.027369218530022884,0.028012410182551687,,0.028147497671065624,0.028147497671065613,2.220446049250313e-16,0.00045849767106562536,153,289,153,289,reports/logs/experiment_release_v7_20260905T203845_CST/e_detection_L16_q00.03_q10.2_qth0.05_honest.log,reports/logs/experiment_release_v7_20260905T203845_CST/e_detection_L16_q00.03_q10.2_qth0.05_attack.log
L16_q00.03_q10.2_qth0.1,16,0.03,0.2,0.1,1,errors<=floor(L*q_threshold),10,100000,1000000,918945,0.918945,0.9184084767417122,0.9194783045507211,,0.9182142242483442,0.9182142242483446,140022,0.140022,0.1393432559176754,0.14070350975302717,,0.14073748835532812,0.140737488355328,4.440892098500626e-16,0.00073077575165581,153,289,153,289,reports/logs/experiment_release_v7_20260905T203845_CST/e_detection_L16_q00.03_q10.2_qth0.1_honest.log,reports/logs/experiment_release_v7_20260905T203845_CST/e_detection_L16_q00.03_q10.2_qth0.1_attack.log
L16_q00.03_q10.2_qth0.15,16,0.03,0.2,0.15,2,errors<=floor(L*q_threshold),10,100000,1000000,988821,0.988821,0.9886130470802705,0.9890251973626718,,0.9887205422140898,0.9887205422140902,351378,0.351378,0.3504428842185773,0.35231425762762214,,0.35184372088832033,0.35184372088832,4.440892098500626e-16,0.000465720888320309,153,289,153,289,reports/logs/experiment_release_v7_20260905T203845_CST/e_detection_L16_q00.03_q10.2_qth0.15_honest.log,reports/logs/experiment_release_v7_20260905T203845_CST/e_detection_L16_q00.03_q10.2_qth0.15_attack.log
L16_q00.05_q10.2_qth0.05,16,0.05,0.2,0.05,0,errors<=floor(L*q_threshold),10,100000,1000000,440054,0.440054,0.4390813187972404,0.44102714176117147,,0.44012666865176536,0.4401266686517657,27689,0.027689,0.027369218530022884,0.028012410182551687,,0.028147497671065624,0.028147497671065613,3.3306690738754696e-16,0.00045849767106562536,153,289,153,289,reports/logs/experiment_release_v7_20260905T203845_CST/e_detection_L16_q00.05_q10.2_qth0.05_honest.log,reports/logs/experiment_release_v7_20260905T203845_CST/e_detection_L16_q00.05_q10.2_qth0.05_attack.log
L16_q00.05_q10.2_qth0.1,16,0.05,0.2,0.1,1,errors<=floor(L*q_threshold),10,100000,1000000,811014,0.811014,0.8102454848025208,0.8117801257117111,,0.8107596527795677,0.8107596527795684,140022,0.140022,0.1393432559176754,0.14070350975302717,,0.14073748835532812,0.140737488355328,6.661338147750939e-16,0.0007154883553281144,153,289,153,289,reports/logs/experiment_release_v7_20260905T203845_CST/e_detection_L16_q00.05_q10.2_qth0.1_honest.log,reports/logs/experiment_release_v7_20260905T203845_CST/e_detection_L16_q00.05_q10.2_qth0.1_attack.log
L16_q00.05_q10.2_qth0.15,16,0.05,0.2,0.15,2,errors<=floor(L*q_threshold),10,100000,1000000,957186,0.957186,0.9567874703148034,0.9575810171763051,,0.9570621465142267,0.9570621465142274,351378,0.351378,0.3504428842185773,0.35231425762762214,,0.35184372088832033,0.35184372088832,6.661338147750939e-16,0.000465720888320309,153,289,153,289,reports/logs/experiment_release_v7_20260905T203845_CST/e_detection_L16_q00.05_q10.2_qth0.15_honest.log,reports/logs/experiment_release_v7_20260905T203845_CST/e_detection_L16_q00.05_q10.2_qth0.15_attack.log
L32_q00_q10.2_qth0.05,32,0.0,0.2,0.05,1,errors<=floor(L*q_threshold),10,100000,1000000,1000000,1.0,0.9999961585559362,1.0,2.9957277863923437e-06,1.0,1.0,7169,0.007169,0.007005528533220385,0.007336257832218572,,0.007130534626283803,0.0071305346262837965,6.071532165918825e-18,3.8465373716197425e-05,33,33,561,1089,reports/logs/experiment_release_v7_20260905T203845_CST/e_detection_L32_q00_q10.2_qth0.05_honest.log,reports/logs/experiment_release_v7_20260905T203845_CST/e_detection_L32_q00_q10.2_qth0.05_attack.log
L32_q00_q10.2_qth0.1,32,0.0,0.2,0.1,3,errors<=floor(L*q_threshold),10,100000,1000000,1000000,1.0,0.9999961585559362,1.0,2.9957277863923437e-06,1.0,1.0,93343,0.093343,0.09277438307695458,0.09391474122328285,,0.09309309095426076,0.0930930909542606,1.5265566588595902e-16,0.00024990904573923833,33,33,561,1089,reports/logs/experiment_release_v7_20260905T203845_CST/e_detection_L32_q00_q10.2_qth0.1_honest.log,reports/logs/experiment_release_v7_20260905T203845_CST/e_detection_L32_q00_q10.2_qth0.1_attack.log
L32_q00_q10.2_qth0.15,32,0.0,0.2,0.15,4,errors<=floor(L*q_threshold),10,100000,1000000,1000000,1.0,0.9999961585559362,1.0,2.9957277863923437e-06,1.0,1.0,204288,0.204288,0.20349891765234066,0.20507935426987348,,0.20438390048601665,0.2043839004860163,3.608224830031759e-16,9.590048601665346e-05,33,33,561,1089,reports/logs/experiment_release_v7_20260905T203845_CST/e_detection_L32_q00_q10.2_qth0.15_honest.log,reports/logs/experiment_release_v7_20260905T203845_CST/e_detection_L32_q00_q10.2_qth0.15_attack.log
L32_q00.01_q10.2_qth0.05,32,0.01,0.2,0.05,1,errors<=floor(L*q_threshold),10,100000,1000000,959008,0.959008,0.9586176281562109,0.9593948453366754,,0.9593174142472606,0.9593174142472609,7169,0.007169,0.007005528533220385,0.007336257832218572,,0.007130534626283803,0.0071305346262837965,3.3306690738754696e-16,0.00030941424726060873,561,1089,561,1089,reports/logs/experiment_release_v7_20260905T203845_CST/e_detection_L32_q00.01_q10.2_qth0.05_honest.log,reports/logs/experiment_release_v7_20260905T203845_CST/e_detection_L32_q00.01_q10.2_qth0.05_attack.log
L32_q00.01_q10.2_qth0.1,32,0.01,0.2,0.1,3,errors<=floor(L*q_threshold),10,100000,1000000,999716,0.999716,0.9996809994792577,0.9997471612586188,,0.999712526355204,0.9997125263552042,93343,0.093343,0.09277438307695458,0.09391474122328285,,0.09309309095426076,0.0930930909542606,2.220446049250313e-16,0.00024990904573923833,561,1089,561,1089,reports/logs/experiment_release_v7_20260905T203845_CST/e_detection_L32_q00.01_q10.2_qth0.1_honest.log,reports/logs/experiment_release_v7_20260905T203845_CST/e_detection_L32_q00.01_q10.2_qth0.1_attack.log
L32_q00.01_q10.2_qth0.15,32,0.01,0.2,0.15,4,errors<=floor(L*q_threshold),10,100000,1000000,999978,0.999978,0.9999666879430648,0.999985470781895,,0.9999839234108824,0.9999839234108827,204288,0.204288,0.20349891765234066,0.20507935426987348,,0.20438390048601665,0.2043839004860163,3.608224830031759e-16,9.590048601665346e-05,561,1089,561,1089,reports/logs/experiment_release_v7_20260905T203845_CST/e_detection_L32_q00.01_q10.2_qth0.15_honest.log,reports/logs/experiment_release_v7_20260905T203845_CST/e_detection_L32_q00.01_q10.2_qth0.15_attack.log
L32_q00.03_q10.2_qth0.05,32,0.03,0.2,0.05,1,errors<=floor(L*q_threshold),10,100000,1000000,751029,0.751029,0.7501805150660694,0.7518755563062067,,0.7507253330196451,0.7507253330196457,7169,0.007169,0.007005528533220385,0.007336257832218572,,0.007130534626283803,0.0071305346262837965,6.661338147750939e-16,0.0003036669803548886,561,1089,561,1089,reports/logs/experiment_release_v7_20260905T203845_CST/e_detection_L32_q00.03_q10.2_qth0.05_honest.log,reports/logs/experiment_release_v7_20260905T203845_CST/e_detection_L32_q00.03_q10.2_qth0.05_attack.log
L32_q00.03_q10.2_qth0.1,32,0.03,0.2,0.1,3,errors<=floor(L*q_threshold),10,100000,1000000,985103,0.985103,0.9848636981556844,0.9853385748522361,,0.9850986684372072,0.985098668437208,93343,0.093343,0.09277438307695458,0.09391474122328285,,0.09309309095426076,0.0930930909542606,7.771561172376096e-16,0.00024990904573923833,561,1089,561,1089,reports/logs/experiment_release_v7_20260905T203845_CST/e_detection_L32_q00.03_q10.2_qth0.1_honest.log,reports/logs/experiment_release_v7_20260905T203845_CST/e_detection_L32_q00.03_q10.2_qth0.1_attack.log
L32_q00.03_q10.2_qth0.15,32,0.03,0.2,0.15,4,errors<=floor(L*q_threshold),10,100000,1000000,997502,0.997502,0.9974022338328989,0.9975979439148916,,0.9975127118952767,0.9975127118952776,204288,0.204288,0.20349891765234066,0.20507935426987348,,0.20438390048601665,0.2043839004860163,8.881784197001252e-16,9.590048601665346e-05,561,1089,561,1089,reports/logs/experiment_release_v7_20260905T203845_CST/e_detection_L32_q00.03_q10.2_qth0.15_honest.log,reports/logs/experiment_release_v7_20260905T203845_CST/e_detection_L32_q00.03_q10.2_qth0.15_attack.log
L32_q00.05_q10.2_qth0.05,32,0.05,0.2,0.05,1,errors<=floor(L*q_threshold),10,100000,1000000,519720,0.51972,0.5187407066166205,0.5206991418768254,,0.5199624056517655,0.5199624056517662,7169,0.007169,0.007005528533220385,0.007336257832218572,,0.007130534626283803,0.0071305346262837965,6.661338147750939e-16,0.00024240565176558704,561,1089,561,1089,reports/logs/experiment_release_v7_20260905T203845_CST/e_detection_L32_q00.05_q10.2_qth0.05_honest.log,reports/logs/experiment_release_v7_20260905T203845_CST/e_detection_L32_q00.05_q10.2_qth0.05_attack.log
L32_q00.05_q10.2_qth0.1,32,0.05,0.2,0.1,3,errors<=floor(L*q_threshold),10,100000,1000000,926284,0.926284,0.925770206248954,0.9267945186587633,,0.9261945083563984,0.9261945083563996,93343,0.093343,0.09277438307695458,0.09391474122328285,,0.09309309095426076,0.0930930909542606,1.2212453270876722e-15,0.00024990904573923833,561,1089,561,1089,reports/logs/experiment_release_v7_20260905T203845_CST/e_detection_L32_q00.05_q10.2_qth0.1_honest.log,reports/logs/experiment_release_v7_20260905T203845_CST/e_detection_L32_q00.05_q10.2_qth0.1_attack.log
L32_q00.05_q10.2_qth0.15,32,0.05,0.2,0.15,4,errors<=floor(L*q_threshold),10,100000,1000000,979856,0.979856,0.9795787902438972,0.9801295230761374,,0.9796461008175343,0.9796461008175357,204288,0.204288,0.20349891765234066,0.20507935426987348,,0.20438390048601665,0.2043839004860163,1.3322676295501878e-15,0.00020989918246561157,561,1089,561,1089,reports/logs/experiment_release_v7_20260905T203845_CST/e_detection_L32_q00.05_q10.2_qth0.15_honest.log,reports/logs/experiment_release_v7_20260905T203845_CST/e_detection_L32_q00.05_q10.2_qth0.15_attack.log
L64_q00_q10.2_qth0.05,64,0.0,0.2,0.05,3,errors<=floor(L*q_threshold),10,100000,1000000,1000000,1.0,0.9999961585559362,1.0,2.9957277863923437e-06,1.0,1.0,493,0.000493,0.00045136908461816487,0.0005384685717819332,,0.0004984018777897042,0.0004984018777897115,7.26415455565288e-18,5.401877789704243e-06,65,65,2145,4225,reports/logs/experiment_release_v7_20260905T203845_CST/e_detection_L64_q00_q10.2_qth0.05_honest.log,reports/logs/experiment_release_v7_20260905T203845_CST/e_detection_L64_q00_q10.2_qth0.05_attack.log
L64_q00_q10.2_qth0.1,64,0.0,0.2,0.1,6,errors<=floor(L*q_threshold),10,100000,1000000,1000000,1.0,0.9999961585559362,1.0,2.9957277863923437e-06,1.0,1.0,18074,0.018074,0.017814740578139768,0.018336962005404155,,0.0182199400170621,0.018219940017062036,6.245004513516506e-17,0.00014594001706209891,65,65,2145,4225,reports/logs/experiment_release_v7_20260905T203845_CST/e_detection_L64_q00_q10.2_qth0.1_honest.log,reports/logs/experiment_release_v7_20260905T203845_CST/e_detection_L64_q00_q10.2_qth0.1_attack.log
L64_q00_q10.2_qth0.15,64,0.0,0.2,0.15,9,errors<=floor(L*q_threshold),10,100000,1000000,1000000,1.0,0.9999961585559362,1.0,2.9957277863923437e-06,1.0,1.0,150122,0.150122,0.14942326266525657,0.15082342540827587,,0.1503610563019364,0.15036105630193589,5.273559366969494e-16,0.0002390563019364078,65,65,2145,4225,reports/logs/experiment_release_v7_20260905T203845_CST/e_detection_L64_q00_q10.2_qth0.15_honest.log,reports/logs/experiment_release_v7_20260905T203845_CST/e_detection_L64_q00_q10.2_qth0.15_attack.log
L64_q00.01_q10.2_qth0.05,64,0.01,0.2,0.05,3,errors<=floor(L*q_threshold),10,100000,1000000,996077,0.996077,0.9959525606912658,0.9961976280046405,,0.9960564762236859,0.9960564762236865,493,0.000493,0.00045136908461816487,0.0005384685717819332,,0.0004984018777897042,0.0004984018777897115,6.661338147750939e-16,2.0523776314118614e-05,2145,4225,2145,4225,reports/logs/experiment_release_v7_20260905T203845_CST/e_detection_L64_q00.01_q10.2_qth0.05_honest.log,reports/logs/experiment_release_v7_20260905T203845_CST/e_detection_L64_q00.01_q10.2_qth0.05_attack.log
L64_q00.01_q10.2_qth0.1,64,0.01,0.2,0.1,6,errors<=floor(L*q_threshold),10,100000,1000000,999996,0.999996,0.999989714109616,0.9999984444770517,,0.9999962280431387,0.9999962280431394,18074,0.018074,0.017814740578139768,0.018336962005404155,,0.0182199400170621,0.018219940017062036,6.661338147750939e-16,0.00014594001706209891,2145,4225,2145,4225,reports/logs/experiment_release_v7_20260905T203845_CST/e_detection_L64_q00.01_q10.2_qth0.1_honest.log,reports/logs/experiment_release_v7_20260905T203845_CST/e_detection_L64_q00.01_q10.2_qth0.1_attack.log
L64_q00.01_q10.2_qth0.15,64,0.01,0.2,0.15,9,errors<=floor(L*q_threshold),10,100000,1000000,1000000,1.0,0.9999961585559362,1.0,2.9957277863923437e-06,0.999999999074007,0.9999999990740076,150122,0.150122,0.14942326266525657,0.15082342540827587,,0.1503610563019364,0.15036105630193589,5.551115123125783e-16,0.0002390563019364078,2145,4225,2145,4225,reports/logs/experiment_release_v7_20260905T203845_CST/e_detection_L64_q00.01_q10.2_qth0.15_honest.log,reports/logs/experiment_release_v7_20260905T203845_CST/e_detection_L64_q00.01_q10.2_qth0.15_attack.log
L64_q00.03_q10.2_qth0.05,64,0.03,0.2,0.05,3,errors<=floor(L*q_threshold),10,100000,1000000,873843,0.873843,0.8731908041335192,0.8744923236725346,,0.8741408863004959,0.8741408863004975,493,0.000493,0.00045136908461816487,0.0005384685717819332,,0.0004984018777897042,0.0004984018777897115,1.5543122344752192e-15,0.0002978863004958754,2145,4225,2145,4225,reports/logs/experiment_release_v7_20260905T203845_CST/e_detection_L64_q00.03_q10.2_qth0.05_honest.log,reports/logs/experiment_release_v7_20260905T203845_CST/e_detection_L64_q00.03_q10.2_qth0.05_attack.log
L64_q00.03_q10.2_qth0.1,64,0.03,0.2,0.1,6,errors<=floor(L*q_threshold),10,100000,1000000,996967,0.996967,0.9968572975776406,0.9970728842804952,,0.9969569433843484,0.9969569433843501,18074,0.018074,0.017814740578139768,0.018336962005404155,,0.0182199400170621,0.018219940017062036,1.7763568394002505e-15,0.00014594001706209891,2145,4225,2145,4225,reports/logs/experiment_release_v7_20260905T203845_CST/e_detection_L64_q00.03_q10.2_qth0.1_honest.log,reports/logs/experiment_release_v7_20260905T203845_CST/e_detection_L64_q00.03_q10.2_qth0.1_attack.log
L64_q00.03_q10.2_qth0.15,64,0.03,0.2,0.15,9,errors<=floor(L*q_threshold),10,100000,1000000,999980,0.99998,0.9999691062715644,0.9999870524380295,,0.9999797031858526,0.9999797031858544,150122,0.150122,0.14942326266525657,0.15082342540827587,,0.1503610563019364,0.15036105630193589,1.7763568394002505e-15,0.0002390563019364078,2145,4225,2145,4225,reports/logs/experiment_release_v7_20260905T203845_CST/e_detection_L64_q00.03_q10.2_qth0.15_honest.log,reports/logs/experiment_release_v7_20260905T203845_CST/e_detection_L64_q00.03_q10.2_qth0.15_attack.log
L64_q00.05_q10.2_qth0.05,64,0.05,0.2,0.05,3,errors<=floor(L*q_threshold),10,100000,1000000,601200,0.6012,0.6002399137684119,0.6021593087233096,,0.6014092648516105,0.6014092648516122,493,0.000493,0.00045136908461816487,0.0005384685717819332,,0.0004984018777897042,0.0004984018777897115,1.6653345369377348e-15,0.00020926485161054664,2145,4225,2145,4225,reports/logs/experiment_release_v7_20260905T203845_CST/e_detection_L64_q00.05_q10.2_qth0.05_honest.log,reports/logs/experiment_release_v7_20260905T203845_CST/e_detection_L64_q00.05_q10.2_qth0.05_attack.log
L64_q00.05_q10.2_qth0.1,64,0.05,0.2,0.1,6,errors<=floor(L*q_threshold),10,100000,1000000,959863,0.959863,0.9594765275012778,0.9602459394227392,,0.9597031141071757,0.9597031141071782,18074,0.018074,0.017814740578139768,0.018336962005404155,,0.0182199400170621,0.018219940017062036,2.55351295663786e-15,0.00015988589282434074,2145,4225,2145,4225,reports/logs/experiment_release_v7_20260905T203845_CST/e_detection_L64_q00.05_q10.2_qth0.1_honest.log,reports/logs/experiment_release_v7_20260905T203845_CST/e_detection_L64_q00.05_q10.2_qth0.1_attack.log
L64_q00.05_q10.2_qth0.15,64,0.05,0.2,0.15,9,errors<=floor(L*q_threshold),10,100000,1000000,998740,0.99874,0.998668529884333,0.9988076383520421,,0.9987632868777545,0.9987632868777572,150122,0.150122,0.14942326266525657,0.15082342540827587,,0.1503610563019364,0.15036105630193589,2.6645352591003757e-15,0.0002390563019364078,2145,4225,2145,4225,reports/logs/experiment_release_v7_20260905T203845_CST/e_detection_L64_q00.05_q10.2_qth0.15_honest.log,reports/logs/experiment_release_v7_20260905T203845_CST/e_detection_L64_q00.05_q10.2_qth0.15_attack.log
L128_q00_q10.2_qth0.05,128,0.0,0.2,0.05,6,errors<=floor(L*q_threshold),10,100000,1000000,1000000,1.0,0.9999961585559362,1.0,2.9957277863923437e-06,1.0,1.0,0,0.0,4.235164736271502e-22,3.841444063944942e-06,2.9957277863923437e-06,6.422670150112981e-07,6.422670150163512e-07,5.0530809259639355e-18,6.422670150112981e-07,129,129,8385,16641,reports/logs/experiment_release_v7_20260905T203845_CST/e_detection_L128_q00_q10.2_qth0.05_honest.log,reports/logs/experiment_release_v7_20260905T203845_CST/e_detection_L128_q00_q10.2_qth0.05_attack.log
L128_q00_q10.2_qth0.1,128,0.0,0.2,0.1,12,errors<=floor(L*q_threshold),10,100000,1000000,1000000,1.0,0.9999961585559362,1.0,2.9957277863923437e-06,1.0,1.0,895,0.000895,0.0008382769281919428,0.0009555576396871278,,0.0009112228945634866,0.0009112228945634682,1.8431436932253575e-17,1.6222894563486636e-05,129,129,8385,16641,reports/logs/experiment_release_v7_20260905T203845_CST/e_detection_L128_q00_q10.2_qth0.1_honest.log,reports/logs/experiment_release_v7_20260905T203845_CST/e_detection_L128_q00_q10.2_qth0.1_attack.log
L128_q00_q10.2_qth0.15,128,0.0,0.2,0.15,19,errors<=floor(L*q_threshold),10,100000,1000000,1000000,1.0,0.9999961585559362,1.0,2.9957277863923437e-06,1.0,1.0,85702,0.085702,0.08515495026492186,0.08625223274026377,,0.08544003061792334,0.08544003061792274,5.967448757360216e-16,0.00026196938207666276,129,129,8385,16641,reports/logs/experiment_release_v7_20260905T203845_CST/e_detection_L128_q00_q10.2_qth0.15_honest.log,reports/logs/experiment_release_v7_20260905T203845_CST/e_detection_L128_q00_q10.2_qth0.15_attack.log
L128_q00.01_q10.2_qth0.05,128,0.01,0.2,0.05,6,errors<=floor(L*q_threshold),10,100000,1000000,999622,0.999622,0.9995819336387624,0.9996582278213055,,0.9996704949564392,0.9996704949564403,0,0.0,4.235164736271502e-22,3.841444063944942e-06,2.9957277863923437e-06,6.422670150112981e-07,6.422670150163512e-07,1.1102230246251565e-15,4.849495643921564e-05,8385,16641,8385,16641,reports/logs/experiment_release_v7_20260905T203845_CST/e_detection_L128_q00.01_q10.2_qth0.05_honest.log,reports/logs/experiment_release_v7_20260905T203845_CST/e_detection_L128_q00.01_q10.2_qth0.05_attack.log
L128_q00.01_q10.2_qth0.1,128,0.01,0.2,0.1,12,errors<=floor(L*q_threshold),10,100000,1000000,1000000,1.0,0.9999961585559362,1.0,2.9957277863923437e-06,0.9999999992736494,0.9999999992736505,895,0.000895,0.0008382769281919428,0.0009555576396871278,,0.0009112228945634866,0.0009112228945634682,1.1102230246251565e-15,1.6222894563486636e-05,8385,16641,8385,16641,reports/logs/experiment_release_v7_20260905T203845_CST/e_detection_L128_q00.01_q10.2_qth0.1_honest.log,reports/logs/experiment_release_v7_20260905T203845_CST/e_detection_L128_q00.01_q10.2_qth0.1_attack.log
L128_q00.01_q10.2_qth0.15,128,0.01,0.2,0.15,19,errors<=floor(L*q_threshold),10,100000,1000000,1000000,1.0,0.9999961585559362,1.0,2.9957277863923437e-06,0.9999999999999989,1.0,85702,0.085702,0.08515495026492186,0.08625223274026377,,0.08544003061792334,0.08544003061792274,1.1102230246251565e-15,0.00026196938207666276,8385,16641,8385,16641,reports/logs/experiment_release_v7_20260905T203845_CST/e_detection_L128_q00.01_q10.2_qth0.15_honest.log,reports/logs/experiment_release_v7_20260905T203845_CST/e_detection_L128_q00.01_q10.2_qth0.15_attack.log
L128_q00.03_q10.2_qth0.05,128,0.03,0.2,0.05,6,errors<=floor(L*q_threshold),10,100000,1000000,908523,0.908523,0.9079563989322503,0.9090864624312429,,0.9084813262165915,0.9084813262165947,0,0.0,4.235164736271502e-22,3.841444063944942e-06,2.9957277863923437e-06,6.422670150112981e-07,6.422670150163512e-07,3.219646771412954e-15,4.1673783408469056e-05,8385,16641,8385,16641,reports/logs/experiment_release_v7_20260905T203845_CST/e_detection_L128_q00.03_q10.2_qth0.05_honest.log,reports/logs/experiment_release_v7_20260905T203845_CST/e_detection_L128_q00.03_q10.2_qth0.05_attack.log
L128_q00.03_q10.2_qth0.1,128,0.03,0.2,0.1,12,errors<=floor(L*q_threshold),10,100000,1000000,999869,0.999869,0.9998445664409386,0.999889593121456,,0.9998648101414325,0.999864810141436,895,0.000895,0.0008382769281919428,0.0009555576396871278,,0.0009112228945634866,0.0009112228945634682,3.552713678800501e-15,1.6222894563486636e-05,8385,16641,8385,16641,reports/logs/experiment_release_v7_20260905T203845_CST/e_detection_L128_q00.03_q10.2_qth0.1_honest.log,reports/logs/experiment_release_v7_20260905T203845_CST/e_detection_L128_q00.03_q10.2_qth0.1_attack.log
L128_q00.03_q10.2_qth0.15,128,0.03,0.2,0.15,19,errors<=floor(L*q_threshold),10,100000,1000000,1000000,1.0,0.9999961585559362,1.0,2.9957277863923437e-06,0.9999999981544212,0.9999999981544248,85702,0.085702,0.08515495026492186,0.08625223274026377,,0.08544003061792334,0.08544003061792274,3.552713678800501e-15,0.00026196938207666276,8385,16641,8385,16641,reports/logs/experiment_release_v7_20260905T203845_CST/e_detection_L128_q00.03_q10.2_qth0.15_honest.log,reports/logs/experiment_release_v7_20260905T203845_CST/e_detection_L128_q00.03_q10.2_qth0.15_attack.log
L128_q00.05_q10.2_qth0.05,128,0.05,0.2,0.05,6,errors<=floor(L*q_threshold),10,100000,1000000,539494,0.539494,0.5385169300465384,0.540470766525478,,0.5407144718389505,0.5407144718389535,0,0.0,4.235164736271502e-22,3.841444063944942e-06,2.9957277863923437e-06,6.422670150112981e-07,6.422670150163512e-07,2.9976021664879227e-15,0.0012204718389504654,8385,16641,8385,16641,reports/logs/experiment_release_v7_20260905T203845_CST/e_detection_L128_q00.05_q10.2_qth0.05_honest.log,reports/logs/experiment_release_v7_20260905T203845_CST/e_detection_L128_q00.05_q10.2_qth0.05_attack.log
L128_q00.05_q10.2_qth0.1,128,0.05,0.2,0.1,12,errors<=floor(L*q_threshold),10,100000,1000000,987852,0.987852,0.9876354110685241,0.9880648408191368,,0.9879341448312391,0.9879341448312443,895,0.000895,0.0008382769281919428,0.0009555576396871278,,0.0009112228945634866,0.0009112228945634682,5.218048215738236e-15,8.214483123913929e-05,8385,16641,8385,16641,reports/logs/experiment_release_v7_20260905T203845_CST/e_detection_L128_q00.05_q10.2_qth0.1_honest.log,reports/logs/experiment_release_v7_20260905T203845_CST/e_detection_L128_q00.05_q10.2_qth0.1_attack.log
L128_q00.05_q10.2_qth0.15,128,0.05,0.2,0.15,19,errors<=floor(L*q_threshold),10,100000,1000000,999997,0.999997,0.9999911788502257,0.9999989797287591,,0.9999938966162728,0.9999938966162781,85702,0.085702,0.08515495026492186,0.08625223274026377,,0.08544003061792334,0.08544003061792274,5.329070518200751e-15,0.00026196938207666276,8385,16641,8385,16641,reports/logs/experiment_release_v7_20260905T203845_CST/e_detection_L128_q00.05_q10.2_qth0.15_honest.log,reports/logs/experiment_release_v7_20260905T203845_CST/e_detection_L128_q00.05_q10.2_qth0.15_attack.log
