manifest,path,expected_sha256,actual_sha256,status
reports/PRISM_ALIGNMENT_OUTPUTS.sha256,prism/iaqd_release_negative_v7.props,5B04BB1723B4F307E8DD343B30461D33B710231E984ED6C973AE1CE13E85999C,5B04BB1723B4F307E8DD343B30461D33B710231E984ED6C973AE1CE13E85999C,MATCH
reports/PRISM_ALIGNMENT_OUTPUTS.sha256,prism/iaqd_release_protocol_v7.nm,13BA83361E74EAB3B54A3713B6D1BBDFA6E7C5E46FD8AFB65AF6C575495E180A,13BA83361E74EAB3B54A3713B6D1BBDFA6E7C5E46FD8AFB65AF6C575495E180A,MATCH
reports/PRISM_ALIGNMENT_OUTPUTS.sha256,prism/iaqd_release_protocol_v7.props,A33D05B3AB29888113DEB54FFD80E3AA9B296A2050EC78D0B2912A31B2553983,A33D05B3AB29888113DEB54FFD80E3AA9B296A2050EC78D0B2912A31B2553983,MATCH
reports/PRISM_ALIGNMENT_OUTPUTS.sha256,prism_alignment/logs/01_input_snapshot.log,9838EB953CC75A3994D2CC392F9630DF0677D1FA633DA30E3BE9D8303A1B065E,9838EB953CC75A3994D2CC392F9630DF0677D1FA633DA30E3BE9D8303A1B065E,MATCH
reports/PRISM_ALIGNMENT_OUTPUTS.sha256,prism_alignment/logs/02_smoke_model.log,7092AE6F434654278D22EAE762977CCD9D6646729EB90CD80A8C19D01DD8BE5A,7092AE6F434654278D22EAE762977CCD9D6646729EB90CD80A8C19D01DD8BE5A,MATCH
reports/PRISM_ALIGNMENT_OUTPUTS.sha256,prism_alignment/logs/03_smoke_model.log,8D2CCD74D97275869463831108F36F372332BAB3DD7F3C1E4339587893F135F7,8D2CCD74D97275869463831108F36F372332BAB3DD7F3C1E4339587893F135F7,MATCH
reports/PRISM_ALIGNMENT_OUTPUTS.sha256,prism_alignment/logs/04_smoke_model_absolute.log,82AE671EC36705FE2039B50073BACFA28D6B056994FB7F25FCD5B46751CA4DCE,82AE671EC36705FE2039B50073BACFA28D6B056994FB7F25FCD5B46751CA4DCE,MATCH
reports/PRISM_ALIGNMENT_OUTPUTS.sha256,prism_alignment/logs/05_smoke_exportstates.log,6428A24CFE4926019953AC68EAAA94B7B563E18BEFF8C4AF321AE69CFE88E44A,6428A24CFE4926019953AC68EAAA94B7B563E18BEFF8C4AF321AE69CFE88E44A,MATCH
reports/PRISM_ALIGNMENT_OUTPUTS.sha256,prism_alignment/logs/06_negative_guard_only.log,157BBB2155EB53E67F9B9A461797E71D448E6BEAFD8CF53D657FBE249B95A3D2,157BBB2155EB53E67F9B9A461797E71D448E6BEAFD8CF53D657FBE249B95A3D2,MATCH
reports/PRISM_ALIGNMENT_OUTPUTS.sha256,prism_alignment/logs/07_negative_relaxed.log,CDCB3159353963CDD99B789E78F3D6E691E66417CA5404D260435CAEE2BDF129,CDCB3159353963CDD99B789E78F3D6E691E66417CA5404D260435CAEE2BDF129,MATCH
reports/PRISM_ALIGNMENT_OUTPUTS.sha256,prism_alignment/original/paper/main_theory_draft.tex,CE56F785C34F23F4364F7C8DA5244E8C63FC9EBAF131F3F6CA860A101CEE29C3,CE56F785C34F23F4364F7C8DA5244E8C63FC9EBAF131F3F6CA860A101CEE29C3,MATCH
reports/PRISM_ALIGNMENT_OUTPUTS.sha256,prism_alignment/original/prism/iaqd_fair_lead_levels_v6.props,C998257D1652D0474FF0C99B1A40618410971AF73FC42A9BF220AD52A5C8457F,C998257D1652D0474FF0C99B1A40618410971AF73FC42A9BF220AD52A5C8457F,MATCH
reports/PRISM_ALIGNMENT_OUTPUTS.sha256,prism_alignment/original/prism/iaqd_fair_protocol_v6.nm,7A18409699BDB7E93B84D77DCFEE9CA60D82921C3C691907ADDBC0CFD616DEC4,7A18409699BDB7E93B84D77DCFEE9CA60D82921C3C691907ADDBC0CFD616DEC4,MATCH
reports/PRISM_ALIGNMENT_OUTPUTS.sha256,prism_alignment/original/prism/iaqd_fair_protocol_v6.props,39EB664EEE927834DD1AA9B5A16B191F5D1ABCDE4F7C0781BF5199CAD007DD97,39EB664EEE927834DD1AA9B5A16B191F5D1ABCDE4F7C0781BF5199CAD007DD97,MATCH
reports/PRISM_ALIGNMENT_OUTPUTS.sha256,prism_alignment/original/reports/CONSTRAINTS.md,43B8AA298C54ED71CEB4499143EF3D0C10936799FD2101792111ABE66DE6EE84,43B8AA298C54ED71CEB4499143EF3D0C10936799FD2101792111ABE66DE6EE84,MATCH
reports/PRISM_ALIGNMENT_OUTPUTS.sha256,prism_alignment/original/reports/GAMMA_CLOSURE_OUTPUTS.sha256,31CF19BF2187035E67412D4441C7ED09F6865E08C6DA07BF385143118445E2C1,31CF19BF2187035E67412D4441C7ED09F6865E08C6DA07BF385143118445E2C1,MATCH
reports/PRISM_ALIGNMENT_OUTPUTS.sha256,prism_alignment/original/reports/GAMMA_INTERFACE_CLOSURE.md,DC990772B3931CC2DFEBD9DCB24619F0C62B309B8B4EA901952CD662266B3D19,DC990772B3931CC2DFEBD9DCB24619F0C62B309B8B4EA901952CD662266B3D19,MATCH
reports/PRISM_ALIGNMENT_OUTPUTS.sha256,prism_alignment/original/reports/IMPLEMENTATION_MAP.md,1AF60533A06E2F0DFDDB956986EFA5A481B11A2BD24D93B1C15200957B147A4D,1AF60533A06E2F0DFDDB956986EFA5A481B11A2BD24D93B1C15200957B147A4D,MATCH
reports/PRISM_ALIGNMENT_OUTPUTS.sha256,prism_alignment/original/reports/PROTOCOL_SPEC.md,AB497F1887AE2AB4B330A27DF2D459A57E9C60FDE1A7C017786258D558D2689B,AB497F1887AE2AB4B330A27DF2D459A57E9C60FDE1A7C017786258D558D2689B,MATCH
reports/PRISM_ALIGNMENT_OUTPUTS.sha256,prism_alignment/original/reports/RECORD_SCHEMA.md,5406C402536D81893A56EAC796C5CE30C1C6BB124D6E2503623E8D554F23AC84,5406C402536D81893A56EAC796C5CE30C1C6BB124D6E2503623E8D554F23AC84,MATCH
reports/PRISM_ALIGNMENT_OUTPUTS.sha256,prism_alignment/original/reports/STATUS.md,653249B6F5D6BF8712A34ADE6C478338B8CF679F17560FF1FBFA914B44CCDB85,653249B6F5D6BF8712A34ADE6C478338B8CF679F17560FF1FBFA914B44CCDB85,MATCH
reports/PRISM_ALIGNMENT_OUTPUTS.sha256,prism_alignment/original/SNAPSHOT_INPUTS.sha256,4E289A8D2748801614B9333775415CD797581F66766D27026CFB5BD40B537AB3,4E289A8D2748801614B9333775415CD797581F66766D27026CFB5BD40B537AB3,MATCH
reports/PRISM_ALIGNMENT_OUTPUTS.sha256,prism_alignment/original/src/protocol_v7.py,BB2378E19F4C17A81610DCDFF10F935A9D20A2404092A5A48A01E4F1E4E185BE,BB2378E19F4C17A81610DCDFF10F935A9D20A2404092A5A48A01E4F1E4E185BE,MATCH
reports/PRISM_ALIGNMENT_OUTPUTS.sha256,prism_alignment/traces/negative_guard_only.sta,7EC6751CB76FAFD7DBF8559F126A4B05DE2802CC1E991AC3040E19AFCF1EB345,7EC6751CB76FAFD7DBF8559F126A4B05DE2802CC1E991AC3040E19AFCF1EB345,MATCH
reports/PRISM_ALIGNMENT_OUTPUTS.sha256,prism_alignment/traces/negative_relaxed.sta,271AABE5E2D8B4D96D96A37B036505D6A1352AB765F7364ECCCC314A0E21A703,271AABE5E2D8B4D96D96A37B036505D6A1352AB765F7364ECCCC314A0E21A703,MATCH
reports/PRISM_ALIGNMENT_OUTPUTS.sha256,prism_alignment/traces/negative_relaxed.tra,1C704895130F8A44AC6C3D2B9385D80CF3335FA32B788CF1FC14D6F66D48C7D3,1C704895130F8A44AC6C3D2B9385D80CF3335FA32B788CF1FC14D6F66D48C7D3,MATCH
reports/PRISM_ALIGNMENT_OUTPUTS.sha256,prism_alignment/traces/smoke_m6_l4_h0_f0.sta,09F126F73C6128A047BD606CAA86163914D3F01A8139AF98580E85A89ED633E8,09F126F73C6128A047BD606CAA86163914D3F01A8139AF98580E85A89ED633E8,MATCH
reports/PRISM_ALIGNMENT_OUTPUTS.sha256,reports/diffs/prism_alignment_v7.diff,C862CB7A608A793C5854058EE1D77C67E8D98B3DF7EEABD411928468C0F0BC54,C862CB7A608A793C5854058EE1D77C67E8D98B3DF7EEABD411928468C0F0BC54,MATCH
reports/PRISM_ALIGNMENT_OUTPUTS.sha256,reports/diffs/step_prism_alignment_changes.md,5FEECA72F6C932683479C5A14D993F74CA6B9F451F0F8772A4F84C075F6AC387,5FEECA72F6C932683479C5A14D993F74CA6B9F451F0F8772A4F84C075F6AC387,MATCH
reports/PRISM_ALIGNMENT_OUTPUTS.sha256,reports/IMPLEMENTATION_MAP.md,43A7FD51D08FEE8AD5FDC729DCBD5FC9CAE852FE328169064FB6534BFA4ED2DE,43A7FD51D08FEE8AD5FDC729DCBD5FC9CAE852FE328169064FB6534BFA4ED2DE,MATCH
reports/PRISM_ALIGNMENT_OUTPUTS.sha256,reports/logs/step_prism_alignment.log,1B61C55C92D87DA63671F26F639193227FED4452DCC9D11B8CA72C47E7428372,1B61C55C92D87DA63671F26F639193227FED4452DCC9D11B8CA72C47E7428372,MATCH
reports/PRISM_ALIGNMENT_OUTPUTS.sha256,reports/logs/step_prism_alignment_validation.log,8F362F65D0B882D9C7307866465AA2988192B378CA0FA1154A1F203DB5CBBBA7,8F362F65D0B882D9C7307866465AA2988192B378CA0FA1154A1F203DB5CBBBA7,MATCH
reports/PRISM_ALIGNMENT_OUTPUTS.sha256,reports/MODEL_ALIGNMENT.md,48436A96D8E053DD1C1A1C2918C65C847822BB80C1204E1EA6F2D839D80861BC,48436A96D8E053DD1C1A1C2918C65C847822BB80C1204E1EA6F2D839D80861BC,MATCH
reports/PRISM_ALIGNMENT_OUTPUTS.sha256,reports/STATUS.md,455CC56AC7B369F58E199436372A7BB492F78EE2D5DF9AC882E63B9DE24A88B6,455CC56AC7B369F58E199436372A7BB492F78EE2D5DF9AC882E63B9DE24A88B6,MATCH
reports/PRISM_ALIGNMENT_OUTPUTS.sha256,results/derived/prism_release_v7/20260905T200413_CST/grid_results.csv,F23363BEC9A593ED36E43DE54ED66117207C63BF97DA831F2F7A6DB906BBFEB8,F23363BEC9A593ED36E43DE54ED66117207C63BF97DA831F2F7A6DB906BBFEB8,MATCH
reports/PRISM_ALIGNMENT_OUTPUTS.sha256,results/derived/prism_release_v7/20260905T200413_CST/honest_completion_trace_m6_l4_A_firstA.csv,56DB198E826E5549394E337CE197D0300A8BBB5BAF268FA28FD363B31A380E8A,56DB198E826E5549394E337CE197D0300A8BBB5BAF268FA28FD363B31A380E8A,MATCH
reports/PRISM_ALIGNMENT_OUTPUTS.sha256,results/derived/prism_release_v7/20260905T200413_CST/negative_controls.csv,8A536269045D54842CBE13C3545309E774F4B992904451A0FA0CAAAE98BB067B,8A536269045D54842CBE13C3545309E774F4B992904451A0FA0CAAAE98BB067B,MATCH
reports/PRISM_ALIGNMENT_OUTPUTS.sha256,results/derived/prism_release_v7/20260905T200413_CST/summary.json,EBADA53B29FD1531DF634F4FBAAE7C7598A097308E2306F31B7DC267F0FDEB38,EBADA53B29FD1531DF634F4FBAAE7C7598A097308E2306F31B7DC267F0FDEB38,MATCH
reports/PRISM_ALIGNMENT_OUTPUTS.sha256,results/derived/prism_release_v7/20260905T200413_CST/violation_trace_variant2_m8_l2_A_firstA.csv,033C6FC3B02E655F4311254C3C716D11AC317448E98EFE40FB7568F679F3C0A1,033C6FC3B02E655F4311254C3C716D11AC317448E98EFE40FB7568F679F3C0A1,MATCH
reports/PRISM_ALIGNMENT_OUTPUTS.sha256,results/raw/prism_release_v7/20260905T195655_CST/ABORTED.md,07CBD56548CA19E34FEBE5A65AFA88B37690AAB56AA5B74709F0D9213D97E769,07CBD56548CA19E34FEBE5A65AFA88B37690AAB56AA5B74709F0D9213D97E769,MATCH
reports/PRISM_ALIGNMENT_OUTPUTS.sha256,results/raw/prism_release_v7/20260905T195655_CST/logs/grid_m16_l1_h0_f0_v0.log,CFC930D43B1A5179F2178ECFF28D9C011735E780B383592F71FC7EB4FD1F33E2,CFC930D43B1A5179F2178ECFF28D9C011735E780B383592F71FC7EB4FD1F33E2,MATCH
reports/PRISM_ALIGNMENT_OUTPUTS.sha256,results/raw/prism_release_v7/20260905T195655_CST/logs/grid_m16_l1_h0_f1_v0.log,B405D69298CB541D7791D4C9D6BA13A058BC65F234C9641267BE34F0B112EA98,B405D69298CB541D7791D4C9D6BA13A058BC65F234C9641267BE34F0B112EA98,MATCH
reports/PRISM_ALIGNMENT_OUTPUTS.sha256,results/raw/prism_release_v7/20260905T195655_CST/logs/grid_m16_l1_h1_f0_v0.log,962AA68BCB6AEABBC3A4FCEE5186815275FB55276D6C484553461AB1BAD6F9A3,962AA68BCB6AEABBC3A4FCEE5186815275FB55276D6C484553461AB1BAD6F9A3,MATCH
reports/PRISM_ALIGNMENT_OUTPUTS.sha256,results/raw/prism_release_v7/20260905T195655_CST/logs/grid_m16_l1_h1_f1_v0.log,A979985BE5FFD65CE744029B1B8751D1099034A0C202A378F5E1D5B2B0615D70,A979985BE5FFD65CE744029B1B8751D1099034A0C202A378F5E1D5B2B0615D70,MATCH
reports/PRISM_ALIGNMENT_OUTPUTS.sha256,results/raw/prism_release_v7/20260905T195655_CST/logs/grid_m16_l2_h0_f0_v0.log,F5C87E493BC177286DA12EB7C406E6EA8E1EF3B3F88865F53EEB7D9A0DA9C558,F5C87E493BC177286DA12EB7C406E6EA8E1EF3B3F88865F53EEB7D9A0DA9C558,MATCH
reports/PRISM_ALIGNMENT_OUTPUTS.sha256,results/raw/prism_release_v7/20260905T195655_CST/logs/grid_m16_l2_h0_f1_v0.log,8159BC5CCC040FA6A7B492AEC648C8BB2B9C72A1BF8BF495349BD3C1DE707EDD,8159BC5CCC040FA6A7B492AEC648C8BB2B9C72A1BF8BF495349BD3C1DE707EDD,MATCH
reports/PRISM_ALIGNMENT_OUTPUTS.sha256,results/raw/prism_release_v7/20260905T195655_CST/logs/grid_m16_l2_h1_f0_v0.log,403A1077259689B64AA1B283D92B7383EE822D4A5D7CD008A7B05A1228ADE578,403A1077259689B64AA1B283D92B7383EE822D4A5D7CD008A7B05A1228ADE578,MATCH
reports/PRISM_ALIGNMENT_OUTPUTS.sha256,results/raw/prism_release_v7/20260905T195655_CST/logs/grid_m16_l2_h1_f1_v0.log,5CA314C0867D9F5B0942EAFC1548792984F26ADFB179F1561DC2BC98C0FDD1EB,5CA314C0867D9F5B0942EAFC1548792984F26ADFB179F1561DC2BC98C0FDD1EB,MATCH
reports/PRISM_ALIGNMENT_OUTPUTS.sha256,results/raw/prism_release_v7/20260905T195655_CST/logs/grid_m16_l4_h0_f0_v0.log,44103E4B4F87E5BFF747981DB5D557E747ADA67F5483C9207E49490578232EAE,44103E4B4F87E5BFF747981DB5D557E747ADA67F5483C9207E49490578232EAE,MATCH
reports/PRISM_ALIGNMENT_OUTPUTS.sha256,results/raw/prism_release_v7/20260905T195655_CST/logs/grid_m16_l4_h0_f1_v0.log,B9EF133C8243641AF5275F9ED2DE79FC999874E76997083A3D6F175456E4B333,B9EF133C8243641AF5275F9ED2DE79FC999874E76997083A3D6F175456E4B333,MATCH
reports/PRISM_ALIGNMENT_OUTPUTS.sha256,results/raw/prism_release_v7/20260905T195655_CST/logs/grid_m16_l4_h1_f0_v0.log,2CF2D317665454D094422BF40CCFD010DCC949202168CD619CA1F3072A6FADAD,2CF2D317665454D094422BF40CCFD010DCC949202168CD619CA1F3072A6FADAD,MATCH
reports/PRISM_ALIGNMENT_OUTPUTS.sha256,results/raw/prism_release_v7/20260905T195655_CST/logs/grid_m16_l4_h1_f1_v0.log,90480388438A9919DE0B61FCAAFC4F2226A6372A6AC462BE26191ECE4CCF86A3,90480388438A9919DE0B61FCAAFC4F2226A6372A6AC462BE26191ECE4CCF86A3,MATCH
reports/PRISM_ALIGNMENT_OUTPUTS.sha256,results/raw/prism_release_v7/20260905T195655_CST/logs/grid_m16_l8_h0_f0_v0.log,D992E62E04800180B7C7FA8C11265C15D8F89330FB2A89A372812B5314C1132F,D992E62E04800180B7C7FA8C11265C15D8F89330FB2A89A372812B5314C1132F,MATCH
reports/PRISM_ALIGNMENT_OUTPUTS.sha256,results/raw/prism_release_v7/20260905T195655_CST/logs/grid_m16_l8_h0_f1_v0.log,32AAF5795B959B4DEA9028D55F28D5918B98D4ACA82A582DCBBA4C7077E8C842,32AAF5795B959B4DEA9028D55F28D5918B98D4ACA82A582DCBBA4C7077E8C842,MATCH
reports/PRISM_ALIGNMENT_OUTPUTS.sha256,results/raw/prism_release_v7/20260905T195655_CST/logs/grid_m16_l8_h1_f0_v0.log,BE9A9DEA5FDFE3C6819B4EF22F09067D530814DFF18A9AB3FA89C17B1BC2194A,BE9A9DEA5FDFE3C6819B4EF22F09067D530814DFF18A9AB3FA89C17B1BC2194A,MATCH
reports/PRISM_ALIGNMENT_OUTPUTS.sha256,results/raw/prism_release_v7/20260905T195655_CST/logs/grid_m16_l8_h1_f1_v0.log,F871931EFE84FC5E3D26FE3388429E43DD05CED1D66DA9DC60B97C86F5760C97,F871931EFE84FC5E3D26FE3388429E43DD05CED1D66DA9DC60B97C86F5760C97,MATCH
reports/PRISM_ALIGNMENT_OUTPUTS.sha256,results/raw/prism_release_v7/20260905T195655_CST/logs/grid_m8_l1_h0_f0_v0.log,D49DC5274593A6CA683DC29826EBD07B94988346D7529EBABD25C3FAB0ECA8FE,D49DC5274593A6CA683DC29826EBD07B94988346D7529EBABD25C3FAB0ECA8FE,MATCH
reports/PRISM_ALIGNMENT_OUTPUTS.sha256,results/raw/prism_release_v7/20260905T195655_CST/logs/grid_m8_l1_h0_f1_v0.log,149ACFE08F9E2B44FB5EDD7657385256EB58341478E9552027494586517A2B63,149ACFE08F9E2B44FB5EDD7657385256EB58341478E9552027494586517A2B63,MATCH
reports/PRISM_ALIGNMENT_OUTPUTS.sha256,results/raw/prism_release_v7/20260905T195655_CST/logs/grid_m8_l1_h1_f0_v0.log,B3943C1030D5A6D3A61B2B59EEFCDEB7088AECA5976DA69E2A79C307C01558A6,B3943C1030D5A6D3A61B2B59EEFCDEB7088AECA5976DA69E2A79C307C01558A6,MATCH
reports/PRISM_ALIGNMENT_OUTPUTS.sha256,results/raw/prism_release_v7/20260905T195655_CST/logs/grid_m8_l1_h1_f1_v0.log,5505B3E278A96AB633D9DDAFBAD1F3D671618F90EF33D26827945953C18D4AF2,5505B3E278A96AB633D9DDAFBAD1F3D671618F90EF33D26827945953C18D4AF2,MATCH
reports/PRISM_ALIGNMENT_OUTPUTS.sha256,results/raw/prism_release_v7/20260905T195655_CST/logs/grid_m8_l2_h0_f0_v0.log,3DB60EBE1F71DD101343966C6F4AC58CF5849D446AB1B34CA08E800055A41F75,3DB60EBE1F71DD101343966C6F4AC58CF5849D446AB1B34CA08E800055A41F75,MATCH
reports/PRISM_ALIGNMENT_OUTPUTS.sha256,results/raw/prism_release_v7/20260905T195655_CST/logs/grid_m8_l2_h0_f1_v0.log,EF793009AF6F82482F828C335F3299FCBFBD3B2E732A4A5AE6351436A134050D,EF793009AF6F82482F828C335F3299FCBFBD3B2E732A4A5AE6351436A134050D,MATCH
reports/PRISM_ALIGNMENT_OUTPUTS.sha256,results/raw/prism_release_v7/20260905T195655_CST/logs/grid_m8_l2_h1_f0_v0.log,6F14D5E6B0E928D9BF62D35862D1C4A9A18AF66B9C04E9A5EE64C272DECFF990,6F14D5E6B0E928D9BF62D35862D1C4A9A18AF66B9C04E9A5EE64C272DECFF990,MATCH
reports/PRISM_ALIGNMENT_OUTPUTS.sha256,results/raw/prism_release_v7/20260905T195655_CST/logs/grid_m8_l2_h1_f1_v0.log,67944CB6A569AAF48E9C8A619E5CEF2885B613F15C7FA60CAA0214387AC8CBDD,67944CB6A569AAF48E9C8A619E5CEF2885B613F15C7FA60CAA0214387AC8CBDD,MATCH
reports/PRISM_ALIGNMENT_OUTPUTS.sha256,results/raw/prism_release_v7/20260905T195655_CST/logs/grid_m8_l4_h0_f0_v0.log,925A3AA6DC39D5012C3B11B9C67E4778A9AD14612B0EADC7AAF6058A43881228,925A3AA6DC39D5012C3B11B9C67E4778A9AD14612B0EADC7AAF6058A43881228,MATCH
reports/PRISM_ALIGNMENT_OUTPUTS.sha256,results/raw/prism_release_v7/20260905T195655_CST/logs/grid_m8_l4_h0_f1_v0.log,30C82ACD930E0F37B57DF2F83924E46229C8F5D8F474FD7E558E9C67235E6A59,30C82ACD930E0F37B57DF2F83924E46229C8F5D8F474FD7E558E9C67235E6A59,MATCH
reports/PRISM_ALIGNMENT_OUTPUTS.sha256,results/raw/prism_release_v7/20260905T195655_CST/logs/grid_m8_l4_h1_f0_v0.log,257365FC39EA06E0EE6E7F17C5696E9E6AC3526936DD7DAF0821B2A3C52DE95D,257365FC39EA06E0EE6E7F17C5696E9E6AC3526936DD7DAF0821B2A3C52DE95D,MATCH
reports/PRISM_ALIGNMENT_OUTPUTS.sha256,results/raw/prism_release_v7/20260905T195655_CST/logs/grid_m8_l4_h1_f1_v0.log,69835CCB778D17452A0CD09157B5B0F9AC75536F00B8C2829262793BBB971B36,69835CCB778D17452A0CD09157B5B0F9AC75536F00B8C2829262793BBB971B36,MATCH
reports/PRISM_ALIGNMENT_OUTPUTS.sha256,results/raw/prism_release_v7/20260905T195655_CST/logs/grid_m8_l8_h0_f0_v0.log,89438BB2473EEEBDA57B6A5105B6729C26AD859DE291AC0EB81B92EF7CE17C82,89438BB2473EEEBDA57B6A5105B6729C26AD859DE291AC0EB81B92EF7CE17C82,MATCH
reports/PRISM_ALIGNMENT_OUTPUTS.sha256,results/raw/prism_release_v7/20260905T195655_CST/logs/grid_m8_l8_h0_f1_v0.log,E0F5681BD443C7BD02560543D701D708DDC36082DC23F62791FE5CD436A1AB27,E0F5681BD443C7BD02560543D701D708DDC36082DC23F62791FE5CD436A1AB27,MATCH
reports/PRISM_ALIGNMENT_OUTPUTS.sha256,results/raw/prism_release_v7/20260905T195655_CST/logs/grid_m8_l8_h1_f0_v0.log,AD2AAD7851A2164777034073FB00A484C87A6C4EE5DF81B1A54101540085FD5F,AD2AAD7851A2164777034073FB00A484C87A6C4EE5DF81B1A54101540085FD5F,MATCH
reports/PRISM_ALIGNMENT_OUTPUTS.sha256,results/raw/prism_release_v7/20260905T195655_CST/logs/grid_m8_l8_h1_f1_v0.log,BE9F5DA6CAEC7D029EA988916B16DF00BC68028CA4B20F6A302FA377B35FED45,BE9F5DA6CAEC7D029EA988916B16DF00BC68028CA4B20F6A302FA377B35FED45,MATCH
reports/PRISM_ALIGNMENT_OUTPUTS.sha256,results/raw/prism_release_v7/20260905T195655_CST/states/grid_m16_l1_h0_f0_v0.sta,CC1E323E1C20DB72AB7383B36DBFEF971FA5D48CDB9288E4F770547C21DD3C89,CC1E323E1C20DB72AB7383B36DBFEF971FA5D48CDB9288E4F770547C21DD3C89,MATCH
reports/PRISM_ALIGNMENT_OUTPUTS.sha256,results/raw/prism_release_v7/20260905T195655_CST/states/grid_m16_l1_h0_f1_v0.sta,69F608AA352AC782A22DCD62D09BF844823E1DF503593AD44D04FDE8AE830CA1,69F608AA352AC782A22DCD62D09BF844823E1DF503593AD44D04FDE8AE830CA1,MATCH
reports/PRISM_ALIGNMENT_OUTPUTS.sha256,results/raw/prism_release_v7/20260905T195655_CST/states/grid_m16_l1_h1_f0_v0.sta,69E2B177A9CC28EE9F12BD5F6F3C9459AE0B3AF1AF268D32FDC416E2A9196BBE,69E2B177A9CC28EE9F12BD5F6F3C9459AE0B3AF1AF268D32FDC416E2A9196BBE,MATCH
reports/PRISM_ALIGNMENT_OUTPUTS.sha256,results/raw/prism_release_v7/20260905T195655_CST/states/grid_m16_l1_h1_f1_v0.sta,650CF6EB26EC2E17BAC9AB2CCE4D5BD2CBC4F03DE2FB97C9CF8650915C9B3FFF,650CF6EB26EC2E17BAC9AB2CCE4D5BD2CBC4F03DE2FB97C9CF8650915C9B3FFF,MATCH
reports/PRISM_ALIGNMENT_OUTPUTS.sha256,results/raw/prism_release_v7/20260905T195655_CST/states/grid_m16_l2_h0_f0_v0.sta,2D3F71F4653AEEA588B5B175F67868803B61218EBD175669535A52D71069FBC8,2D3F71F4653AEEA588B5B175F67868803B61218EBD175669535A52D71069FBC8,MATCH
reports/PRISM_ALIGNMENT_OUTPUTS.sha256,results/raw/prism_release_v7/20260905T195655_CST/states/grid_m16_l2_h0_f1_v0.sta,D06596E05A5F65C4DE0649B5644BC1A3E89E55A0C1DE59FD5FA9D3DFD37E03B7,D06596E05A5F65C4DE0649B5644BC1A3E89E55A0C1DE59FD5FA9D3DFD37E03B7,MATCH
reports/PRISM_ALIGNMENT_OUTPUTS.sha256,results/raw/prism_release_v7/20260905T195655_CST/states/grid_m16_l2_h1_f0_v0.sta,C7E2EE8D23BF439511F145CF2FDD6B73E9292446FF9752791C734F723A6C1859,C7E2EE8D23BF439511F145CF2FDD6B73E9292446FF9752791C734F723A6C1859,MATCH
reports/PRISM_ALIGNMENT_OUTPUTS.sha256,results/raw/prism_release_v7/20260905T195655_CST/states/grid_m16_l2_h1_f1_v0.sta,51F91119238E0C7347B58FCC604774E5AF617DE211546A199B9A2F4F4DDC5C61,51F91119238E0C7347B58FCC604774E5AF617DE211546A199B9A2F4F4DDC5C61,MATCH
reports/PRISM_ALIGNMENT_OUTPUTS.sha256,results/raw/prism_release_v7/20260905T195655_CST/states/grid_m16_l4_h0_f0_v0.sta,DD0C95BFF989B789ED763486B8B332F4B8D5AF543608F135B751FB1087B7F49E,DD0C95BFF989B789ED763486B8B332F4B8D5AF543608F135B751FB1087B7F49E,MATCH
reports/PRISM_ALIGNMENT_OUTPUTS.sha256,results/raw/prism_release_v7/20260905T195655_CST/states/grid_m16_l4_h0_f1_v0.sta,09B6E67F89326A3C76D04180D8A82E5FC725BA440E9D9B709622E449F591DC84,09B6E67F89326A3C76D04180D8A82E5FC725BA440E9D9B709622E449F591DC84,MATCH
reports/PRISM_ALIGNMENT_OUTPUTS.sha256,results/raw/prism_release_v7/20260905T195655_CST/states/grid_m16_l4_h1_f0_v0.sta,6C2C3B964B1CE3637BBBC0C39D0F9BDCC1598A10213B7232F9ACFE5488758CF3,6C2C3B964B1CE3637BBBC0C39D0F9BDCC1598A10213B7232F9ACFE5488758CF3,MATCH
reports/PRISM_ALIGNMENT_OUTPUTS.sha256,results/raw/prism_release_v7/20260905T195655_CST/states/grid_m16_l4_h1_f1_v0.sta,196D7CC95AA7BD05C5AF817A2D703D44EA4ECEFB7ED55EB7E8959215605212ED,196D7CC95AA7BD05C5AF817A2D703D44EA4ECEFB7ED55EB7E8959215605212ED,MATCH
reports/PRISM_ALIGNMENT_OUTPUTS.sha256,results/raw/prism_release_v7/20260905T195655_CST/states/grid_m16_l8_h0_f0_v0.sta,17FE339F3F10A66235507C613EF250DB55B1A97E66A4651F8A45FF9F11E16D4B,17FE339F3F10A66235507C613EF250DB55B1A97E66A4651F8A45FF9F11E16D4B,MATCH
reports/PRISM_ALIGNMENT_OUTPUTS.sha256,results/raw/prism_release_v7/20260905T195655_CST/states/grid_m16_l8_h0_f1_v0.sta,ABB4199759B65C953BC1B9213ADE2E50FF632CE4E20603B38B05DC9D4B3E9C13,ABB4199759B65C953BC1B9213ADE2E50FF632CE4E20603B38B05DC9D4B3E9C13,MATCH
reports/PRISM_ALIGNMENT_OUTPUTS.sha256,results/raw/prism_release_v7/20260905T195655_CST/states/grid_m16_l8_h1_f0_v0.sta,9316BD6F9DBEBFA0B9F3029B1E396B7BE85EEA1F03E1137DCB90E9F82B2E73B6,9316BD6F9DBEBFA0B9F3029B1E396B7BE85EEA1F03E1137DCB90E9F82B2E73B6,MATCH
reports/PRISM_ALIGNMENT_OUTPUTS.sha256,results/raw/prism_release_v7/20260905T195655_CST/states/grid_m16_l8_h1_f1_v0.sta,D997DEAC685DF3F912B6033397DAA362171544B2C9D798D5FF0D8E235C68D055,D997DEAC685DF3F912B6033397DAA362171544B2C9D798D5FF0D8E235C68D055,MATCH
reports/PRISM_ALIGNMENT_OUTPUTS.sha256,results/raw/prism_release_v7/20260905T195655_CST/states/grid_m32_l1_h0_f0_v0.sta,F5072E51185DBED8F128B8A2453C10F168CB7A407E44522141354D7B5CC6D3CD,F5072E51185DBED8F128B8A2453C10F168CB7A407E44522141354D7B5CC6D3CD,MATCH
reports/PRISM_ALIGNMENT_OUTPUTS.sha256,results/raw/prism_release_v7/20260905T195655_CST/states/grid_m8_l1_h0_f0_v0.sta,BEDB8093FB1FFD34748749628727904EBA2962CF9F454342F77915DA4948737A,BEDB8093FB1FFD34748749628727904EBA2962CF9F454342F77915DA4948737A,MATCH
reports/PRISM_ALIGNMENT_OUTPUTS.sha256,results/raw/prism_release_v7/20260905T195655_CST/states/grid_m8_l1_h0_f1_v0.sta,CC495B43E97E87B2941592D51CBCCF1C607691FE9C688063645705CAF794A743,CC495B43E97E87B2941592D51CBCCF1C607691FE9C688063645705CAF794A743,MATCH
reports/PRISM_ALIGNMENT_OUTPUTS.sha256,results/raw/prism_release_v7/20260905T195655_CST/states/grid_m8_l1_h1_f0_v0.sta,A15B4586DC5010866C9FA42380406347258E451577498340EA4EDC348A2103FE,A15B4586DC5010866C9FA42380406347258E451577498340EA4EDC348A2103FE,MATCH
reports/PRISM_ALIGNMENT_OUTPUTS.sha256,results/raw/prism_release_v7/20260905T195655_CST/states/grid_m8_l1_h1_f1_v0.sta,C32107127DB6E490283FB08B927791C085712FF8885937F7F1679232DBCCD629,C32107127DB6E490283FB08B927791C085712FF8885937F7F1679232DBCCD629,MATCH
reports/PRISM_ALIGNMENT_OUTPUTS.sha256,results/raw/prism_release_v7/20260905T195655_CST/states/grid_m8_l2_h0_f0_v0.sta,7EC6751CB76FAFD7DBF8559F126A4B05DE2802CC1E991AC3040E19AFCF1EB345,7EC6751CB76FAFD7DBF8559F126A4B05DE2802CC1E991AC3040E19AFCF1EB345,MATCH
reports/PRISM_ALIGNMENT_OUTPUTS.sha256,results/raw/prism_release_v7/20260905T195655_CST/states/grid_m8_l2_h0_f1_v0.sta,2F240B0703DB755A83248E85A933A964A9AA8C112F1766D1C175F43A8645BC17,2F240B0703DB755A83248E85A933A964A9AA8C112F1766D1C175F43A8645BC17,MATCH
reports/PRISM_ALIGNMENT_OUTPUTS.sha256,results/raw/prism_release_v7/20260905T195655_CST/states/grid_m8_l2_h1_f0_v0.sta,E547CF6A7FE8D60406E97BDA447B22138F655D13A3A41E2E4FF2EB604EF1B655,E547CF6A7FE8D60406E97BDA447B22138F655D13A3A41E2E4FF2EB604EF1B655,MATCH
reports/PRISM_ALIGNMENT_OUTPUTS.sha256,results/raw/prism_release_v7/20260905T195655_CST/states/grid_m8_l2_h1_f1_v0.sta,47E8A3932FF999F7ED606F3AA5FEF881D483880CE0744BFE0F0E86344841362E,47E8A3932FF999F7ED606F3AA5FEF881D483880CE0744BFE0F0E86344841362E,MATCH
reports/PRISM_ALIGNMENT_OUTPUTS.sha256,results/raw/prism_release_v7/20260905T195655_CST/states/grid_m8_l4_h0_f0_v0.sta,6C7BAA8EA00217DCCA25696F756C7C9FB7FA42F0F1C376D5BBFA2180704202C4,6C7BAA8EA00217DCCA25696F756C7C9FB7FA42F0F1C376D5BBFA2180704202C4,MATCH
reports/PRISM_ALIGNMENT_OUTPUTS.sha256,results/raw/prism_release_v7/20260905T195655_CST/states/grid_m8_l4_h0_f1_v0.sta,8E5E97E3ED5A297A73E1C178505B011420F29D2F51EAE6F0D4E428224D2F7F53,8E5E97E3ED5A297A73E1C178505B011420F29D2F51EAE6F0D4E428224D2F7F53,MATCH
reports/PRISM_ALIGNMENT_OUTPUTS.sha256,results/raw/prism_release_v7/20260905T195655_CST/states/grid_m8_l4_h1_f0_v0.sta,5864E011716570B8AD58B9762F876159C6B8BD994AFBCAEC04C9029CB97168E9,5864E011716570B8AD58B9762F876159C6B8BD994AFBCAEC04C9029CB97168E9,MATCH
reports/PRISM_ALIGNMENT_OUTPUTS.sha256,results/raw/prism_release_v7/20260905T195655_CST/states/grid_m8_l4_h1_f1_v0.sta,08B50DC89B466097978F651A7D464AFFF87DA029B0099E4D13EBC2B9FBB770D9,08B50DC89B466097978F651A7D464AFFF87DA029B0099E4D13EBC2B9FBB770D9,MATCH
reports/PRISM_ALIGNMENT_OUTPUTS.sha256,results/raw/prism_release_v7/20260905T195655_CST/states/grid_m8_l8_h0_f0_v0.sta,5AA1DE322E8C53A1D6B78B8ED6F0EAE0BEB193F021F34CDEA605CB54A006B46C,5AA1DE322E8C53A1D6B78B8ED6F0EAE0BEB193F021F34CDEA605CB54A006B46C,MATCH
reports/PRISM_ALIGNMENT_OUTPUTS.sha256,results/raw/prism_release_v7/20260905T195655_CST/states/grid_m8_l8_h0_f1_v0.sta,C4687A58C39E12D7FDC7C02FF57A49A9A38FFF75D984C6C0A631B6B852A53E2E,C4687A58C39E12D7FDC7C02FF57A49A9A38FFF75D984C6C0A631B6B852A53E2E,MATCH
reports/PRISM_ALIGNMENT_OUTPUTS.sha256,results/raw/prism_release_v7/20260905T195655_CST/states/grid_m8_l8_h1_f0_v0.sta,F86D01FE80207944FB8A0C408A022E5B0517C6D25C568F42C6E766CC34CBBB95,F86D01FE80207944FB8A0C408A022E5B0517C6D25C568F42C6E766CC34CBBB95,MATCH
reports/PRISM_ALIGNMENT_OUTPUTS.sha256,results/raw/prism_release_v7/20260905T195655_CST/states/grid_m8_l8_h1_f1_v0.sta,8CB2265C847B06F4BE7378A70556003FDE1E1AB3215C2B27F9D9D4AB5B5657C9,8CB2265C847B06F4BE7378A70556003FDE1E1AB3215C2B27F9D9D4AB5B5657C9,MATCH
reports/PRISM_ALIGNMENT_OUTPUTS.sha256,results/raw/prism_release_v7/20260905T200413_CST/logs/grid_m16_l1_h0_f0_v0.log,9AE11BE03668AC0E39CB713BC441F0CEE22C1F85333F7C074ADF6C6F982BF64E,9AE11BE03668AC0E39CB713BC441F0CEE22C1F85333F7C074ADF6C6F982BF64E,MATCH
reports/PRISM_ALIGNMENT_OUTPUTS.sha256,results/raw/prism_release_v7/20260905T200413_CST/logs/grid_m16_l1_h0_f1_v0.log,8F3D6092FCEDC93B7271CA01DD9532BB3F06B6DA4B2CC4AA3E5C60335B450CB0,8F3D6092FCEDC93B7271CA01DD9532BB3F06B6DA4B2CC4AA3E5C60335B450CB0,MATCH
reports/PRISM_ALIGNMENT_OUTPUTS.sha256,results/raw/prism_release_v7/20260905T200413_CST/logs/grid_m16_l1_h1_f0_v0.log,2A9400AF7BFE92E619D8A0EF2B112D44AB47D0A4708593D356ABEDBF0B65020A,2A9400AF7BFE92E619D8A0EF2B112D44AB47D0A4708593D356ABEDBF0B65020A,MATCH
reports/PRISM_ALIGNMENT_OUTPUTS.sha256,results/raw/prism_release_v7/20260905T200413_CST/logs/grid_m16_l1_h1_f1_v0.log,8DFE6B6FE08DB5366B6D4C79CBBEDA7AB8EF9DCDC563A20C8E2A01CB1B863DCE,8DFE6B6FE08DB5366B6D4C79CBBEDA7AB8EF9DCDC563A20C8E2A01CB1B863DCE,MATCH
reports/PRISM_ALIGNMENT_OUTPUTS.sha256,results/raw/prism_release_v7/20260905T200413_CST/logs/grid_m16_l2_h0_f0_v0.log,BE880B41F493E0AE02232FA3B8A5A57B1BC6D4AA913BF3BBB05F18C9B57C9F13,BE880B41F493E0AE02232FA3B8A5A57B1BC6D4AA913BF3BBB05F18C9B57C9F13,MATCH
reports/PRISM_ALIGNMENT_OUTPUTS.sha256,results/raw/prism_release_v7/20260905T200413_CST/logs/grid_m16_l2_h0_f1_v0.log,FFA8EBE3C0286AD15BE771C7AFF8E7E853B605D29D98879432C652C45AB258D3,FFA8EBE3C0286AD15BE771C7AFF8E7E853B605D29D98879432C652C45AB258D3,MATCH
reports/PRISM_ALIGNMENT_OUTPUTS.sha256,results/raw/prism_release_v7/20260905T200413_CST/logs/grid_m16_l2_h1_f0_v0.log,F7A8065B0E2DC506672A912C7E747B1FA7FCDDF3742CC7B3E23EC5CBEBA3664D,F7A8065B0E2DC506672A912C7E747B1FA7FCDDF3742CC7B3E23EC5CBEBA3664D,MATCH
reports/PRISM_ALIGNMENT_OUTPUTS.sha256,results/raw/prism_release_v7/20260905T200413_CST/logs/grid_m16_l2_h1_f1_v0.log,B9AFD80A4E47EA1256EE7866F27EDC189B5F00D5D2B899D52CBF6F8B8D2417B4,B9AFD80A4E47EA1256EE7866F27EDC189B5F00D5D2B899D52CBF6F8B8D2417B4,MATCH
reports/PRISM_ALIGNMENT_OUTPUTS.sha256,results/raw/prism_release_v7/20260905T200413_CST/logs/grid_m16_l4_h0_f0_v0.log,A6B92C3CCBC55B16415314F525438CE527C7EA8BB57E157C0A929DF54B5EA322,A6B92C3CCBC55B16415314F525438CE527C7EA8BB57E157C0A929DF54B5EA322,MATCH
reports/PRISM_ALIGNMENT_OUTPUTS.sha256,results/raw/prism_release_v7/20260905T200413_CST/logs/grid_m16_l4_h0_f1_v0.log,DAA89C25D3CD66EACED422A6A26F190A67004EC8AE5D090DBEC2835865856EB3,DAA89C25D3CD66EACED422A6A26F190A67004EC8AE5D090DBEC2835865856EB3,MATCH
reports/PRISM_ALIGNMENT_OUTPUTS.sha256,results/raw/prism_release_v7/20260905T200413_CST/logs/grid_m16_l4_h1_f0_v0.log,DA56A155119767154754D00C25116BD5BC9AE6EB1B50FB3004DDA2D51999D980,DA56A155119767154754D00C25116BD5BC9AE6EB1B50FB3004DDA2D51999D980,MATCH
reports/PRISM_ALIGNMENT_OUTPUTS.sha256,results/raw/prism_release_v7/20260905T200413_CST/logs/grid_m16_l4_h1_f1_v0.log,2B19733EA117E450AA1F78372122A782DD146021C9878A3009EC83903B70271B,2B19733EA117E450AA1F78372122A782DD146021C9878A3009EC83903B70271B,MATCH
reports/PRISM_ALIGNMENT_OUTPUTS.sha256,results/raw/prism_release_v7/20260905T200413_CST/logs/grid_m16_l8_h0_f0_v0.log,A121A9ADD03C77D62A6B35F3D594597F1B1FDF7CC2C705522223F7115013940B,A121A9ADD03C77D62A6B35F3D594597F1B1FDF7CC2C705522223F7115013940B,MATCH
reports/PRISM_ALIGNMENT_OUTPUTS.sha256,results/raw/prism_release_v7/20260905T200413_CST/logs/grid_m16_l8_h0_f1_v0.log,A7C701CAEA4182879660999721CCB50DEE459DB2C98ACE4E4DC388D94352CD6D,A7C701CAEA4182879660999721CCB50DEE459DB2C98ACE4E4DC388D94352CD6D,MATCH
reports/PRISM_ALIGNMENT_OUTPUTS.sha256,results/raw/prism_release_v7/20260905T200413_CST/logs/grid_m16_l8_h1_f0_v0.log,6600FA3C68BB8B794526ED1A7483C664254EBF4BDB04189C356D12E7AA8D71B3,6600FA3C68BB8B794526ED1A7483C664254EBF4BDB04189C356D12E7AA8D71B3,MATCH
reports/PRISM_ALIGNMENT_OUTPUTS.sha256,results/raw/prism_release_v7/20260905T200413_CST/logs/grid_m16_l8_h1_f1_v0.log,CAC4BF259BB0D13934D536D18C65643633C5084BCF0235D90149287BA56BC155,CAC4BF259BB0D13934D536D18C65643633C5084BCF0235D90149287BA56BC155,MATCH
reports/PRISM_ALIGNMENT_OUTPUTS.sha256,results/raw/prism_release_v7/20260905T200413_CST/logs/grid_m32_l1_h0_f0_v0.log,E89944533E77C013B44B7D8ADF27A6A4D8AFA898DF3DC643DD9323EA3793B37A,E89944533E77C013B44B7D8ADF27A6A4D8AFA898DF3DC643DD9323EA3793B37A,MATCH
reports/PRISM_ALIGNMENT_OUTPUTS.sha256,results/raw/prism_release_v7/20260905T200413_CST/logs/grid_m32_l1_h0_f1_v0.log,D2F7F31348A3EA3184BBF3AFCAE2222C2DE20E2B505C11AB4D04C1B2F0B3F9C0,D2F7F31348A3EA3184BBF3AFCAE2222C2DE20E2B505C11AB4D04C1B2F0B3F9C0,MATCH
reports/PRISM_ALIGNMENT_OUTPUTS.sha256,results/raw/prism_release_v7/20260905T200413_CST/logs/grid_m32_l1_h1_f0_v0.log,69752BFAD89547B15AEDA526975828ABA83A42090FB4A13155578A4448110D10,69752BFAD89547B15AEDA526975828ABA83A42090FB4A13155578A4448110D10,MATCH
reports/PRISM_ALIGNMENT_OUTPUTS.sha256,results/raw/prism_release_v7/20260905T200413_CST/logs/grid_m32_l1_h1_f1_v0.log,17F1E1E162C28AD67E1992D837E994793078FDDC1118DEEE407B4FA4180DE15B,17F1E1E162C28AD67E1992D837E994793078FDDC1118DEEE407B4FA4180DE15B,MATCH
reports/PRISM_ALIGNMENT_OUTPUTS.sha256,results/raw/prism_release_v7/20260905T200413_CST/logs/grid_m32_l2_h0_f0_v0.log,3BC900BDBEB2F4FA0120AE0B90E38FE67FC096BA1F524F684B934BFBD6D33EAB,3BC900BDBEB2F4FA0120AE0B90E38FE67FC096BA1F524F684B934BFBD6D33EAB,MATCH
reports/PRISM_ALIGNMENT_OUTPUTS.sha256,results/raw/prism_release_v7/20260905T200413_CST/logs/grid_m32_l2_h0_f1_v0.log,F2B4A9573B31AA29B1D6F68BC0DC5DE20B79AAB7B2496E90451D1D3D610FAFB0,F2B4A9573B31AA29B1D6F68BC0DC5DE20B79AAB7B2496E90451D1D3D610FAFB0,MATCH
reports/PRISM_ALIGNMENT_OUTPUTS.sha256,results/raw/prism_release_v7/20260905T200413_CST/logs/grid_m32_l2_h1_f0_v0.log,376F7EDDBC013F0EEF730489A06CC309E8332F29D417C1A71AD043DF51B5D968,376F7EDDBC013F0EEF730489A06CC309E8332F29D417C1A71AD043DF51B5D968,MATCH
reports/PRISM_ALIGNMENT_OUTPUTS.sha256,results/raw/prism_release_v7/20260905T200413_CST/logs/grid_m32_l2_h1_f1_v0.log,FFC0CAFA7F7B3DDD9B8A367D04FE625A6939FBD3E68AD10C5E3698AAA19036F7,FFC0CAFA7F7B3DDD9B8A367D04FE625A6939FBD3E68AD10C5E3698AAA19036F7,MATCH
reports/PRISM_ALIGNMENT_OUTPUTS.sha256,results/raw/prism_release_v7/20260905T200413_CST/logs/grid_m32_l4_h0_f0_v0.log,1AA9675C4A8EB2CD2DED180BA63D855B1C9DAE4809F52D1813AF1A71F9FAA171,1AA9675C4A8EB2CD2DED180BA63D855B1C9DAE4809F52D1813AF1A71F9FAA171,MATCH
reports/PRISM_ALIGNMENT_OUTPUTS.sha256,results/raw/prism_release_v7/20260905T200413_CST/logs/grid_m32_l4_h0_f1_v0.log,10ADFE2BB1F34226D663C19F9525A07B67E9EE431312B2C878B42EDD22D41D0D,10ADFE2BB1F34226D663C19F9525A07B67E9EE431312B2C878B42EDD22D41D0D,MATCH
reports/PRISM_ALIGNMENT_OUTPUTS.sha256,results/raw/prism_release_v7/20260905T200413_CST/logs/grid_m32_l4_h1_f0_v0.log,112804B74B9A0E47955367EC50A57CC1B60135230B25E41504DD8DFE896916C4,112804B74B9A0E47955367EC50A57CC1B60135230B25E41504DD8DFE896916C4,MATCH
reports/PRISM_ALIGNMENT_OUTPUTS.sha256,results/raw/prism_release_v7/20260905T200413_CST/logs/grid_m32_l4_h1_f1_v0.log,315C37E5D3B473431B6B02A36F412D41511C677AB0230BE99568007193AE8A71,315C37E5D3B473431B6B02A36F412D41511C677AB0230BE99568007193AE8A71,MATCH
reports/PRISM_ALIGNMENT_OUTPUTS.sha256,results/raw/prism_release_v7/20260905T200413_CST/logs/grid_m32_l8_h0_f0_v0.log,63AD129A200F415B3EB1CAAAD90F9C93D9A153B3794032368A880F5597BFAB87,63AD129A200F415B3EB1CAAAD90F9C93D9A153B3794032368A880F5597BFAB87,MATCH
reports/PRISM_ALIGNMENT_OUTPUTS.sha256,results/raw/prism_release_v7/20260905T200413_CST/logs/grid_m32_l8_h0_f1_v0.log,82BB4D8D93465AFB453CC4174BD3401AF690B1896408A347E001FA468963749D,82BB4D8D93465AFB453CC4174BD3401AF690B1896408A347E001FA468963749D,MATCH
reports/PRISM_ALIGNMENT_OUTPUTS.sha256,results/raw/prism_release_v7/20260905T200413_CST/logs/grid_m32_l8_h1_f0_v0.log,3317ACB951544CDC6A8F354441A85F64CBDF9A0BCB720D0778D39E9BB85EC591,3317ACB951544CDC6A8F354441A85F64CBDF9A0BCB720D0778D39E9BB85EC591,MATCH
reports/PRISM_ALIGNMENT_OUTPUTS.sha256,results/raw/prism_release_v7/20260905T200413_CST/logs/grid_m32_l8_h1_f1_v0.log,24DD1B2B05B94492D1C8E42E28D951BF559F8498D19D189FDF4956C81E5CC865,24DD1B2B05B94492D1C8E42E28D951BF559F8498D19D189FDF4956C81E5CC865,MATCH
reports/PRISM_ALIGNMENT_OUTPUTS.sha256,results/raw/prism_release_v7/20260905T200413_CST/logs/grid_m6_l4_h0_f0_v0.log,A52D22F6EDC5CDF5056751013002FD0403D7188FA1CB2926A2EBE670A7E3F82E,A52D22F6EDC5CDF5056751013002FD0403D7188FA1CB2926A2EBE670A7E3F82E,MATCH
reports/PRISM_ALIGNMENT_OUTPUTS.sha256,results/raw/prism_release_v7/20260905T200413_CST/logs/grid_m6_l4_h0_f1_v0.log,21EC2EF4B36AFB37EF367EB9ABDD67ADCC31CBEBF0E53C8211129B0ACF214C24,21EC2EF4B36AFB37EF367EB9ABDD67ADCC31CBEBF0E53C8211129B0ACF214C24,MATCH
reports/PRISM_ALIGNMENT_OUTPUTS.sha256,results/raw/prism_release_v7/20260905T200413_CST/logs/grid_m6_l4_h1_f0_v0.log,FEAD62A0AB2A79F0A82346B1F5CCA2257FDD61B76DDA6C2D19E04E709FD5ED25,FEAD62A0AB2A79F0A82346B1F5CCA2257FDD61B76DDA6C2D19E04E709FD5ED25,MATCH
reports/PRISM_ALIGNMENT_OUTPUTS.sha256,results/raw/prism_release_v7/20260905T200413_CST/logs/grid_m6_l4_h1_f1_v0.log,B73700AD294C7804DAEF88FA4B54533B3B96D581793C2E9C6C1E5E0F93909BD6,B73700AD294C7804DAEF88FA4B54533B3B96D581793C2E9C6C1E5E0F93909BD6,MATCH
reports/PRISM_ALIGNMENT_OUTPUTS.sha256,results/raw/prism_release_v7/20260905T200413_CST/logs/grid_m8_l1_h0_f0_v0.log,4341B2B034EAA37B5F186898EF4BEE837F9BC7C399DE64C97FC1692EA5CB3507,4341B2B034EAA37B5F186898EF4BEE837F9BC7C399DE64C97FC1692EA5CB3507,MATCH
reports/PRISM_ALIGNMENT_OUTPUTS.sha256,results/raw/prism_release_v7/20260905T200413_CST/logs/grid_m8_l1_h0_f1_v0.log,AA95F5BBC9014DE09E57B300D74A40518F5A54577A62E64DF682EA8E08C6FC0B,AA95F5BBC9014DE09E57B300D74A40518F5A54577A62E64DF682EA8E08C6FC0B,MATCH
reports/PRISM_ALIGNMENT_OUTPUTS.sha256,results/raw/prism_release_v7/20260905T200413_CST/logs/grid_m8_l1_h1_f0_v0.log,F3CB2284124A5518B3D83E14045493659C107A7B429DDEC4054AB00C6B23DC81,F3CB2284124A5518B3D83E14045493659C107A7B429DDEC4054AB00C6B23DC81,MATCH
reports/PRISM_ALIGNMENT_OUTPUTS.sha256,results/raw/prism_release_v7/20260905T200413_CST/logs/grid_m8_l1_h1_f1_v0.log,57DF8683EF464763B2B0AA767821E1DAEBD45ED8B2BB7531DB0393B9744275EB,57DF8683EF464763B2B0AA767821E1DAEBD45ED8B2BB7531DB0393B9744275EB,MATCH
reports/PRISM_ALIGNMENT_OUTPUTS.sha256,results/raw/prism_release_v7/20260905T200413_CST/logs/grid_m8_l2_h0_f0_v0.log,A7B5DC480B58ABC06AD01D05243F542A6F9A7FE05CD6CD88963E05BA79724B89,A7B5DC480B58ABC06AD01D05243F542A6F9A7FE05CD6CD88963E05BA79724B89,MATCH
reports/PRISM_ALIGNMENT_OUTPUTS.sha256,results/raw/prism_release_v7/20260905T200413_CST/logs/grid_m8_l2_h0_f1_v0.log,5D72766D8D0EEAB9E04EE6465D7777EDB4028E6AE7D072322138F911DFA1F26A,5D72766D8D0EEAB9E04EE6465D7777EDB4028E6AE7D072322138F911DFA1F26A,MATCH
reports/PRISM_ALIGNMENT_OUTPUTS.sha256,results/raw/prism_release_v7/20260905T200413_CST/logs/grid_m8_l2_h1_f0_v0.log,2EB62AFB73CFF1D3833FAB1A6B1E8AC13C0115F74F0068A7CD5161519AAA79AD,2EB62AFB73CFF1D3833FAB1A6B1E8AC13C0115F74F0068A7CD5161519AAA79AD,MATCH
reports/PRISM_ALIGNMENT_OUTPUTS.sha256,results/raw/prism_release_v7/20260905T200413_CST/logs/grid_m8_l2_h1_f1_v0.log,50FD9DE187F5CA7FFE8E70383C1D7DC02A59E7AE306953E4EF212949C465DC27,50FD9DE187F5CA7FFE8E70383C1D7DC02A59E7AE306953E4EF212949C465DC27,MATCH
reports/PRISM_ALIGNMENT_OUTPUTS.sha256,results/raw/prism_release_v7/20260905T200413_CST/logs/grid_m8_l4_h0_f0_v0.log,F5328FDC310C7B066337129FBAB013E8B88F062B20B5125A67B10C9072DF2E59,F5328FDC310C7B066337129FBAB013E8B88F062B20B5125A67B10C9072DF2E59,MATCH
reports/PRISM_ALIGNMENT_OUTPUTS.sha256,results/raw/prism_release_v7/20260905T200413_CST/logs/grid_m8_l4_h0_f1_v0.log,730EEBC3E65F20631D4418E51507267DE73B20218653F611CFC94B1D26CC054A,730EEBC3E65F20631D4418E51507267DE73B20218653F611CFC94B1D26CC054A,MATCH
reports/PRISM_ALIGNMENT_OUTPUTS.sha256,results/raw/prism_release_v7/20260905T200413_CST/logs/grid_m8_l4_h1_f0_v0.log,DA2BFFDF3FCC8AFA5DDCF6D5C9547CCCE22F9A087B72DFC188AE6856F87F8E92,DA2BFFDF3FCC8AFA5DDCF6D5C9547CCCE22F9A087B72DFC188AE6856F87F8E92,MATCH
reports/PRISM_ALIGNMENT_OUTPUTS.sha256,results/raw/prism_release_v7/20260905T200413_CST/logs/grid_m8_l4_h1_f1_v0.log,D505A5FCA2A09D729D89B976DF9F23B5B0FA7B422FB463FFEDD02B33412CAEB0,D505A5FCA2A09D729D89B976DF9F23B5B0FA7B422FB463FFEDD02B33412CAEB0,MATCH
reports/PRISM_ALIGNMENT_OUTPUTS.sha256,results/raw/prism_release_v7/20260905T200413_CST/logs/grid_m8_l8_h0_f0_v0.log,1483EFC1D1730FE4F438F34F99A04B861E3FB2C81A3B5A806A303FBC8499A53B,1483EFC1D1730FE4F438F34F99A04B861E3FB2C81A3B5A806A303FBC8499A53B,MATCH
reports/PRISM_ALIGNMENT_OUTPUTS.sha256,results/raw/prism_release_v7/20260905T200413_CST/logs/grid_m8_l8_h0_f1_v0.log,C2072AB785E420F0696B59E755C1C27899AF664E15BA5D13899071BE6F111E8E,C2072AB785E420F0696B59E755C1C27899AF664E15BA5D13899071BE6F111E8E,MATCH
reports/PRISM_ALIGNMENT_OUTPUTS.sha256,results/raw/prism_release_v7/20260905T200413_CST/logs/grid_m8_l8_h1_f0_v0.log,E32CD9EE8C404F48224CD9EECEEF7B3549ABDA5BD8E7F126394CACD8176062AE,E32CD9EE8C404F48224CD9EECEEF7B3549ABDA5BD8E7F126394CACD8176062AE,MATCH
reports/PRISM_ALIGNMENT_OUTPUTS.sha256,results/raw/prism_release_v7/20260905T200413_CST/logs/grid_m8_l8_h1_f1_v0.log,9B5A328A71DD2779EA8B318F8859CBEB2CC6DB3CA7763331996A7067D4CED95E,9B5A328A71DD2779EA8B318F8859CBEB2CC6DB3CA7763331996A7067D4CED95E,MATCH
reports/PRISM_ALIGNMENT_OUTPUTS.sha256,results/raw/prism_release_v7/20260905T200413_CST/logs/negative_m8_l2_h0_f0_v1.log,EAC51A434DD5625EA0AA66BC0B48CE5BCF52E66DE1E5BF07FB736DCC750F98CB,EAC51A434DD5625EA0AA66BC0B48CE5BCF52E66DE1E5BF07FB736DCC750F98CB,MATCH
reports/PRISM_ALIGNMENT_OUTPUTS.sha256,results/raw/prism_release_v7/20260905T200413_CST/logs/negative_m8_l2_h0_f0_v2.log,B9635A1183597AF3617871A0583C95A65000F2405808DB53172B98389F113E64,B9635A1183597AF3617871A0583C95A65000F2405808DB53172B98389F113E64,MATCH
reports/PRISM_ALIGNMENT_OUTPUTS.sha256,results/raw/prism_release_v7/20260905T200413_CST/states/grid_m16_l1_h0_f0_v0.sta,CC1E323E1C20DB72AB7383B36DBFEF971FA5D48CDB9288E4F770547C21DD3C89,CC1E323E1C20DB72AB7383B36DBFEF971FA5D48CDB9288E4F770547C21DD3C89,MATCH
reports/PRISM_ALIGNMENT_OUTPUTS.sha256,results/raw/prism_release_v7/20260905T200413_CST/states/grid_m16_l1_h0_f1_v0.sta,69F608AA352AC782A22DCD62D09BF844823E1DF503593AD44D04FDE8AE830CA1,69F608AA352AC782A22DCD62D09BF844823E1DF503593AD44D04FDE8AE830CA1,MATCH
reports/PRISM_ALIGNMENT_OUTPUTS.sha256,results/raw/prism_release_v7/20260905T200413_CST/states/grid_m16_l1_h1_f0_v0.sta,69E2B177A9CC28EE9F12BD5F6F3C9459AE0B3AF1AF268D32FDC416E2A9196BBE,69E2B177A9CC28EE9F12BD5F6F3C9459AE0B3AF1AF268D32FDC416E2A9196BBE,MATCH
reports/PRISM_ALIGNMENT_OUTPUTS.sha256,results/raw/prism_release_v7/20260905T200413_CST/states/grid_m16_l1_h1_f1_v0.sta,650CF6EB26EC2E17BAC9AB2CCE4D5BD2CBC4F03DE2FB97C9CF8650915C9B3FFF,650CF6EB26EC2E17BAC9AB2CCE4D5BD2CBC4F03DE2FB97C9CF8650915C9B3FFF,MATCH
reports/PRISM_ALIGNMENT_OUTPUTS.sha256,results/raw/prism_release_v7/20260905T200413_CST/states/grid_m16_l2_h0_f0_v0.sta,2D3F71F4653AEEA588B5B175F67868803B61218EBD175669535A52D71069FBC8,2D3F71F4653AEEA588B5B175F67868803B61218EBD175669535A52D71069FBC8,MATCH
reports/PRISM_ALIGNMENT_OUTPUTS.sha256,results/raw/prism_release_v7/20260905T200413_CST/states/grid_m16_l2_h0_f1_v0.sta,D06596E05A5F65C4DE0649B5644BC1A3E89E55A0C1DE59FD5FA9D3DFD37E03B7,D06596E05A5F65C4DE0649B5644BC1A3E89E55A0C1DE59FD5FA9D3DFD37E03B7,MATCH
reports/PRISM_ALIGNMENT_OUTPUTS.sha256,results/raw/prism_release_v7/20260905T200413_CST/states/grid_m16_l2_h1_f0_v0.sta,C7E2EE8D23BF439511F145CF2FDD6B73E9292446FF9752791C734F723A6C1859,C7E2EE8D23BF439511F145CF2FDD6B73E9292446FF9752791C734F723A6C1859,MATCH
reports/PRISM_ALIGNMENT_OUTPUTS.sha256,results/raw/prism_release_v7/20260905T200413_CST/states/grid_m16_l2_h1_f1_v0.sta,51F91119238E0C7347B58FCC604774E5AF617DE211546A199B9A2F4F4DDC5C61,51F91119238E0C7347B58FCC604774E5AF617DE211546A199B9A2F4F4DDC5C61,MATCH
reports/PRISM_ALIGNMENT_OUTPUTS.sha256,results/raw/prism_release_v7/20260905T200413_CST/states/grid_m16_l4_h0_f0_v0.sta,DD0C95BFF989B789ED763486B8B332F4B8D5AF543608F135B751FB1087B7F49E,DD0C95BFF989B789ED763486B8B332F4B8D5AF543608F135B751FB1087B7F49E,MATCH
reports/PRISM_ALIGNMENT_OUTPUTS.sha256,results/raw/prism_release_v7/20260905T200413_CST/states/grid_m16_l4_h0_f1_v0.sta,09B6E67F89326A3C76D04180D8A82E5FC725BA440E9D9B709622E449F591DC84,09B6E67F89326A3C76D04180D8A82E5FC725BA440E9D9B709622E449F591DC84,MATCH
reports/PRISM_ALIGNMENT_OUTPUTS.sha256,results/raw/prism_release_v7/20260905T200413_CST/states/grid_m16_l4_h1_f0_v0.sta,6C2C3B964B1CE3637BBBC0C39D0F9BDCC1598A10213B7232F9ACFE5488758CF3,6C2C3B964B1CE3637BBBC0C39D0F9BDCC1598A10213B7232F9ACFE5488758CF3,MATCH
reports/PRISM_ALIGNMENT_OUTPUTS.sha256,results/raw/prism_release_v7/20260905T200413_CST/states/grid_m16_l4_h1_f1_v0.sta,196D7CC95AA7BD05C5AF817A2D703D44EA4ECEFB7ED55EB7E8959215605212ED,196D7CC95AA7BD05C5AF817A2D703D44EA4ECEFB7ED55EB7E8959215605212ED,MATCH
reports/PRISM_ALIGNMENT_OUTPUTS.sha256,results/raw/prism_release_v7/20260905T200413_CST/states/grid_m16_l8_h0_f0_v0.sta,17FE339F3F10A66235507C613EF250DB55B1A97E66A4651F8A45FF9F11E16D4B,17FE339F3F10A66235507C613EF250DB55B1A97E66A4651F8A45FF9F11E16D4B,MATCH
reports/PRISM_ALIGNMENT_OUTPUTS.sha256,results/raw/prism_release_v7/20260905T200413_CST/states/grid_m16_l8_h0_f1_v0.sta,ABB4199759B65C953BC1B9213ADE2E50FF632CE4E20603B38B05DC9D4B3E9C13,ABB4199759B65C953BC1B9213ADE2E50FF632CE4E20603B38B05DC9D4B3E9C13,MATCH
reports/PRISM_ALIGNMENT_OUTPUTS.sha256,results/raw/prism_release_v7/20260905T200413_CST/states/grid_m16_l8_h1_f0_v0.sta,9316BD6F9DBEBFA0B9F3029B1E396B7BE85EEA1F03E1137DCB90E9F82B2E73B6,9316BD6F9DBEBFA0B9F3029B1E396B7BE85EEA1F03E1137DCB90E9F82B2E73B6,MATCH
reports/PRISM_ALIGNMENT_OUTPUTS.sha256,results/raw/prism_release_v7/20260905T200413_CST/states/grid_m16_l8_h1_f1_v0.sta,D997DEAC685DF3F912B6033397DAA362171544B2C9D798D5FF0D8E235C68D055,D997DEAC685DF3F912B6033397DAA362171544B2C9D798D5FF0D8E235C68D055,MATCH
reports/PRISM_ALIGNMENT_OUTPUTS.sha256,results/raw/prism_release_v7/20260905T200413_CST/states/grid_m32_l1_h0_f0_v0.sta,F5072E51185DBED8F128B8A2453C10F168CB7A407E44522141354D7B5CC6D3CD,F5072E51185DBED8F128B8A2453C10F168CB7A407E44522141354D7B5CC6D3CD,MATCH
reports/PRISM_ALIGNMENT_OUTPUTS.sha256,results/raw/prism_release_v7/20260905T200413_CST/states/grid_m32_l1_h0_f1_v0.sta,69694400D1D451234657DACB48AC43D3311870CFBB9E6C5138DB141045E2EC3B,69694400D1D451234657DACB48AC43D3311870CFBB9E6C5138DB141045E2EC3B,MATCH
reports/PRISM_ALIGNMENT_OUTPUTS.sha256,results/raw/prism_release_v7/20260905T200413_CST/states/grid_m32_l1_h1_f0_v0.sta,83825C5C83D9EA9111CDA6C3A6AA3D4D523A887E0E76E5D2B5F046E9605CB872,83825C5C83D9EA9111CDA6C3A6AA3D4D523A887E0E76E5D2B5F046E9605CB872,MATCH
reports/PRISM_ALIGNMENT_OUTPUTS.sha256,results/raw/prism_release_v7/20260905T200413_CST/states/grid_m32_l1_h1_f1_v0.sta,0FAD5702AFED386607846EA8FBCA134D8D5DC1CCC6514836AA99C5758E115494,0FAD5702AFED386607846EA8FBCA134D8D5DC1CCC6514836AA99C5758E115494,MATCH
reports/PRISM_ALIGNMENT_OUTPUTS.sha256,results/raw/prism_release_v7/20260905T200413_CST/states/grid_m32_l2_h0_f0_v0.sta,8D09BB60ABC13A595243BB9A0668EC9130CD1A104812DB31D5DD583D20411556,8D09BB60ABC13A595243BB9A0668EC9130CD1A104812DB31D5DD583D20411556,MATCH
reports/PRISM_ALIGNMENT_OUTPUTS.sha256,results/raw/prism_release_v7/20260905T200413_CST/states/grid_m32_l2_h0_f1_v0.sta,8D75F3267B655F89D8AF6412F1F6150E9B075F697666EA6152DED05C350980A5,8D75F3267B655F89D8AF6412F1F6150E9B075F697666EA6152DED05C350980A5,MATCH
reports/PRISM_ALIGNMENT_OUTPUTS.sha256,results/raw/prism_release_v7/20260905T200413_CST/states/grid_m32_l2_h1_f0_v0.sta,EBD262E42E4339BFC62FCC7B5C79419CAB1005A377EC92388A3E11C242DAB81F,EBD262E42E4339BFC62FCC7B5C79419CAB1005A377EC92388A3E11C242DAB81F,MATCH
reports/PRISM_ALIGNMENT_OUTPUTS.sha256,results/raw/prism_release_v7/20260905T200413_CST/states/grid_m32_l2_h1_f1_v0.sta,8AF7C9DD89D45CF2C74F44773F8690F09AB6F18DF0100C85330019D1FCA3AF0C,8AF7C9DD89D45CF2C74F44773F8690F09AB6F18DF0100C85330019D1FCA3AF0C,MATCH
reports/PRISM_ALIGNMENT_OUTPUTS.sha256,results/raw/prism_release_v7/20260905T200413_CST/states/grid_m32_l4_h0_f0_v0.sta,EBC85B42F017F2765CCDA9F40C472DF60B73FFF00A7BAC1CE2B2749CC18FCADD,EBC85B42F017F2765CCDA9F40C472DF60B73FFF00A7BAC1CE2B2749CC18FCADD,MATCH
reports/PRISM_ALIGNMENT_OUTPUTS.sha256,results/raw/prism_release_v7/20260905T200413_CST/states/grid_m32_l4_h0_f1_v0.sta,EA89D471C9F5723554D92E4F8C91394D79EF61068C6A67795B765308C0BF1C48,EA89D471C9F5723554D92E4F8C91394D79EF61068C6A67795B765308C0BF1C48,MATCH
reports/PRISM_ALIGNMENT_OUTPUTS.sha256,results/raw/prism_release_v7/20260905T200413_CST/states/grid_m32_l4_h1_f0_v0.sta,1456E7E2AED7D4B3AC18E7982ED57AE1558643C29E89AFB3A86542166B80D499,1456E7E2AED7D4B3AC18E7982ED57AE1558643C29E89AFB3A86542166B80D499,MATCH
reports/PRISM_ALIGNMENT_OUTPUTS.sha256,results/raw/prism_release_v7/20260905T200413_CST/states/grid_m32_l4_h1_f1_v0.sta,6A984C7028190A4EA67EAE265DA43360BD23652DAA556E637092138C076EDFA6,6A984C7028190A4EA67EAE265DA43360BD23652DAA556E637092138C076EDFA6,MATCH
reports/PRISM_ALIGNMENT_OUTPUTS.sha256,results/raw/prism_release_v7/20260905T200413_CST/states/grid_m32_l8_h0_f0_v0.sta,A3362C028AC17DDAFE1AE2290D51A709E27740BDB08662D23F2B6729E5AB8DCB,A3362C028AC17DDAFE1AE2290D51A709E27740BDB08662D23F2B6729E5AB8DCB,MATCH
reports/PRISM_ALIGNMENT_OUTPUTS.sha256,results/raw/prism_release_v7/20260905T200413_CST/states/grid_m32_l8_h0_f1_v0.sta,F232465A2084280FAF5DA53E3C58CCFA6E4C0066FC0ED4864C8418E5E257EDE5,F232465A2084280FAF5DA53E3C58CCFA6E4C0066FC0ED4864C8418E5E257EDE5,MATCH
reports/PRISM_ALIGNMENT_OUTPUTS.sha256,results/raw/prism_release_v7/20260905T200413_CST/states/grid_m32_l8_h1_f0_v0.sta,158BCD2ADC1410EEE2B4FABE5C2377A880231C8EC8ACCA1DCFF29DA8A62B8F09,158BCD2ADC1410EEE2B4FABE5C2377A880231C8EC8ACCA1DCFF29DA8A62B8F09,MATCH
reports/PRISM_ALIGNMENT_OUTPUTS.sha256,results/raw/prism_release_v7/20260905T200413_CST/states/grid_m32_l8_h1_f1_v0.sta,3EE1232D4C249E5299383ABECDDCDB27C0A30815B3F658D2C123C1209FA83031,3EE1232D4C249E5299383ABECDDCDB27C0A30815B3F658D2C123C1209FA83031,MATCH
reports/PRISM_ALIGNMENT_OUTPUTS.sha256,results/raw/prism_release_v7/20260905T200413_CST/states/grid_m6_l4_h0_f0_v0.sta,09F126F73C6128A047BD606CAA86163914D3F01A8139AF98580E85A89ED633E8,09F126F73C6128A047BD606CAA86163914D3F01A8139AF98580E85A89ED633E8,MATCH
reports/PRISM_ALIGNMENT_OUTPUTS.sha256,results/raw/prism_release_v7/20260905T200413_CST/states/grid_m6_l4_h0_f1_v0.sta,295AF10A6D559B1B3A0DBEE7E47AE88810236934E2FA2C3A052036FFD1CC00DD,295AF10A6D559B1B3A0DBEE7E47AE88810236934E2FA2C3A052036FFD1CC00DD,MATCH
reports/PRISM_ALIGNMENT_OUTPUTS.sha256,results/raw/prism_release_v7/20260905T200413_CST/states/grid_m6_l4_h1_f0_v0.sta,30A7A3D44BD9FD77E0DB73C16584BA975846615A768FD7884C5FA8775E42C17E,30A7A3D44BD9FD77E0DB73C16584BA975846615A768FD7884C5FA8775E42C17E,MATCH
reports/PRISM_ALIGNMENT_OUTPUTS.sha256,results/raw/prism_release_v7/20260905T200413_CST/states/grid_m6_l4_h1_f1_v0.sta,9B5864BA0BED4B73FB98BE867F694E3CDF369289EFEF37648F0DFADD1E7C8D9B,9B5864BA0BED4B73FB98BE867F694E3CDF369289EFEF37648F0DFADD1E7C8D9B,MATCH
reports/PRISM_ALIGNMENT_OUTPUTS.sha256,results/raw/prism_release_v7/20260905T200413_CST/states/grid_m8_l1_h0_f0_v0.sta,BEDB8093FB1FFD34748749628727904EBA2962CF9F454342F77915DA4948737A,BEDB8093FB1FFD34748749628727904EBA2962CF9F454342F77915DA4948737A,MATCH
reports/PRISM_ALIGNMENT_OUTPUTS.sha256,results/raw/prism_release_v7/20260905T200413_CST/states/grid_m8_l1_h0_f1_v0.sta,CC495B43E97E87B2941592D51CBCCF1C607691FE9C688063645705CAF794A743,CC495B43E97E87B2941592D51CBCCF1C607691FE9C688063645705CAF794A743,MATCH
reports/PRISM_ALIGNMENT_OUTPUTS.sha256,results/raw/prism_release_v7/20260905T200413_CST/states/grid_m8_l1_h1_f0_v0.sta,A15B4586DC5010866C9FA42380406347258E451577498340EA4EDC348A2103FE,A15B4586DC5010866C9FA42380406347258E451577498340EA4EDC348A2103FE,MATCH
reports/PRISM_ALIGNMENT_OUTPUTS.sha256,results/raw/prism_release_v7/20260905T200413_CST/states/grid_m8_l1_h1_f1_v0.sta,C32107127DB6E490283FB08B927791C085712FF8885937F7F1679232DBCCD629,C32107127DB6E490283FB08B927791C085712FF8885937F7F1679232DBCCD629,MATCH
reports/PRISM_ALIGNMENT_OUTPUTS.sha256,results/raw/prism_release_v7/20260905T200413_CST/states/grid_m8_l2_h0_f0_v0.sta,7EC6751CB76FAFD7DBF8559F126A4B05DE2802CC1E991AC3040E19AFCF1EB345,7EC6751CB76FAFD7DBF8559F126A4B05DE2802CC1E991AC3040E19AFCF1EB345,MATCH
reports/PRISM_ALIGNMENT_OUTPUTS.sha256,results/raw/prism_release_v7/20260905T200413_CST/states/grid_m8_l2_h0_f1_v0.sta,2F240B0703DB755A83248E85A933A964A9AA8C112F1766D1C175F43A8645BC17,2F240B0703DB755A83248E85A933A964A9AA8C112F1766D1C175F43A8645BC17,MATCH
reports/PRISM_ALIGNMENT_OUTPUTS.sha256,results/raw/prism_release_v7/20260905T200413_CST/states/grid_m8_l2_h1_f0_v0.sta,E547CF6A7FE8D60406E97BDA447B22138F655D13A3A41E2E4FF2EB604EF1B655,E547CF6A7FE8D60406E97BDA447B22138F655D13A3A41E2E4FF2EB604EF1B655,MATCH
reports/PRISM_ALIGNMENT_OUTPUTS.sha256,results/raw/prism_release_v7/20260905T200413_CST/states/grid_m8_l2_h1_f1_v0.sta,47E8A3932FF999F7ED606F3AA5FEF881D483880CE0744BFE0F0E86344841362E,47E8A3932FF999F7ED606F3AA5FEF881D483880CE0744BFE0F0E86344841362E,MATCH
reports/PRISM_ALIGNMENT_OUTPUTS.sha256,results/raw/prism_release_v7/20260905T200413_CST/states/grid_m8_l4_h0_f0_v0.sta,6C7BAA8EA00217DCCA25696F756C7C9FB7FA42F0F1C376D5BBFA2180704202C4,6C7BAA8EA00217DCCA25696F756C7C9FB7FA42F0F1C376D5BBFA2180704202C4,MATCH
reports/PRISM_ALIGNMENT_OUTPUTS.sha256,results/raw/prism_release_v7/20260905T200413_CST/states/grid_m8_l4_h0_f1_v0.sta,8E5E97E3ED5A297A73E1C178505B011420F29D2F51EAE6F0D4E428224D2F7F53,8E5E97E3ED5A297A73E1C178505B011420F29D2F51EAE6F0D4E428224D2F7F53,MATCH
reports/PRISM_ALIGNMENT_OUTPUTS.sha256,results/raw/prism_release_v7/20260905T200413_CST/states/grid_m8_l4_h1_f0_v0.sta,5864E011716570B8AD58B9762F876159C6B8BD994AFBCAEC04C9029CB97168E9,5864E011716570B8AD58B9762F876159C6B8BD994AFBCAEC04C9029CB97168E9,MATCH
reports/PRISM_ALIGNMENT_OUTPUTS.sha256,results/raw/prism_release_v7/20260905T200413_CST/states/grid_m8_l4_h1_f1_v0.sta,08B50DC89B466097978F651A7D464AFFF87DA029B0099E4D13EBC2B9FBB770D9,08B50DC89B466097978F651A7D464AFFF87DA029B0099E4D13EBC2B9FBB770D9,MATCH
reports/PRISM_ALIGNMENT_OUTPUTS.sha256,results/raw/prism_release_v7/20260905T200413_CST/states/grid_m8_l8_h0_f0_v0.sta,5AA1DE322E8C53A1D6B78B8ED6F0EAE0BEB193F021F34CDEA605CB54A006B46C,5AA1DE322E8C53A1D6B78B8ED6F0EAE0BEB193F021F34CDEA605CB54A006B46C,MATCH
reports/PRISM_ALIGNMENT_OUTPUTS.sha256,results/raw/prism_release_v7/20260905T200413_CST/states/grid_m8_l8_h0_f1_v0.sta,C4687A58C39E12D7FDC7C02FF57A49A9A38FFF75D984C6C0A631B6B852A53E2E,C4687A58C39E12D7FDC7C02FF57A49A9A38FFF75D984C6C0A631B6B852A53E2E,MATCH
reports/PRISM_ALIGNMENT_OUTPUTS.sha256,results/raw/prism_release_v7/20260905T200413_CST/states/grid_m8_l8_h1_f0_v0.sta,F86D01FE80207944FB8A0C408A022E5B0517C6D25C568F42C6E766CC34CBBB95,F86D01FE80207944FB8A0C408A022E5B0517C6D25C568F42C6E766CC34CBBB95,MATCH
reports/PRISM_ALIGNMENT_OUTPUTS.sha256,results/raw/prism_release_v7/20260905T200413_CST/states/grid_m8_l8_h1_f1_v0.sta,8CB2265C847B06F4BE7378A70556003FDE1E1AB3215C2B27F9D9D4AB5B5657C9,8CB2265C847B06F4BE7378A70556003FDE1E1AB3215C2B27F9D9D4AB5B5657C9,MATCH
reports/PRISM_ALIGNMENT_OUTPUTS.sha256,results/raw/prism_release_v7/20260905T200413_CST/states/negative_m8_l2_h0_f0_v1.sta,7EC6751CB76FAFD7DBF8559F126A4B05DE2802CC1E991AC3040E19AFCF1EB345,7EC6751CB76FAFD7DBF8559F126A4B05DE2802CC1E991AC3040E19AFCF1EB345,MATCH
reports/PRISM_ALIGNMENT_OUTPUTS.sha256,results/raw/prism_release_v7/20260905T200413_CST/states/negative_m8_l2_h0_f0_v2.sta,271AABE5E2D8B4D96D96A37B036505D6A1352AB765F7364ECCCC314A0E21A703,271AABE5E2D8B4D96D96A37B036505D6A1352AB765F7364ECCCC314A0E21A703,MATCH
reports/PRISM_ALIGNMENT_OUTPUTS.sha256,results/raw/prism_release_v7/20260905T200413_CST/traces/grid_m6_l4_h0_f0_v0.tra,D7C5966CCABDB31EDF5B12ECF323475AD8B5C93D656D9497385B90B0F572F45F,D7C5966CCABDB31EDF5B12ECF323475AD8B5C93D656D9497385B90B0F572F45F,MATCH
reports/PRISM_ALIGNMENT_OUTPUTS.sha256,results/raw/prism_release_v7/20260905T200413_CST/traces/negative_m8_l2_h0_f0_v1.tra,8543CAABBA24072B644A5F82C3DCA810A002B4DEE4E0C5BB1ADF86567D49D7C5,8543CAABBA24072B644A5F82C3DCA810A002B4DEE4E0C5BB1ADF86567D49D7C5,MATCH
reports/PRISM_ALIGNMENT_OUTPUTS.sha256,results/raw/prism_release_v7/20260905T200413_CST/traces/negative_m8_l2_h0_f0_v2.tra,1C704895130F8A44AC6C3D2B9385D80CF3335FA32B788CF1FC14D6F66D48C7D3,1C704895130F8A44AC6C3D2B9385D80CF3335FA32B788CF1FC14D6F66D48C7D3,MATCH
reports/PRISM_ALIGNMENT_OUTPUTS.sha256,tools/run_prism_release_v7.py,F14546A7725D532C6021F8E6152D845751BD13F5DEEC7B63A836DF4E2EF60C46,F14546A7725D532C6021F8E6152D845751BD13F5DEEC7B63A836DF4E2EF60C46,MATCH
